;:category;:sales;:date;:unit;:name;:ean;:profit;:category-id;:vat;:weight;:id;:qty
0;Jogurty ;2.46;2018-11-10;szt;JOGURT ZOTT NATURALNY B/CUK.180 g;5906040063089;0.42;060802;5;0.180;000337;2.000
1;Indyk Waga [z];23.99;2018-11-10;kg;ŻOŁĄDKI Z INDYKA kg;2900036000000;2.32;040102;5;1.000;000349;1.972
2;Piwo w butelce;4.70;2018-11-10;szt;PIWO ZATECKY SVETLY LEZAK 500ml BUT.ZW.;5900014003019;1.04;010301;23;0.500;000418;2.000
3;Piwo w butelce;7.89;2018-11-10;szt;PIWO DESPERADOS NOCTURNO 7% 400ml BUT.BZW.;5900699102229;2.45;010301;23;0.400;000505;2.000
4;Warzywa okopowe [z];16.82;2018-11-10;kg;ZIEMNIAK kg;5908235952925;6.41;090703;5;1.000;000865;11.972
5;Masło;6.37;2018-11-10;szt;MASŁO KLASYCZNE VALIO 200 g;6408432061639;1.35;060303;5;0.200;000925;1.000
6;Przekąski;3.19;2018-11-10;szt;CHRUPKI STAR PIZZA 125 g;5900259087560;1.49;120101;5;0.125;001115;1.000
7;Ciastka;4.06;2018-11-10;szt;CIASTKA KRAKUSKI SERDUSZKA 171 g;5901414204525;0.94;121104;23;0.171;001200;1.000
8;Ciastka;4.06;2018-11-10;szt;CIASTKA KRAKUSKI FLORIANKI 171 g;5901414204518;1.54;121104;23;0.171;001208;1.000
9;Śmietany;18.05;2018-11-10;szt;ŚMIETANA ZOTT NATURA. 18% 330 g KUBEK;5906040063263;7.90;060805;5;0.330;001327;5.000
10;Papierosy;48.74;2018-11-10;szt;PAPIEROSY ROTHMANS BLUE SSL X20;59067740;2.74;030103;23;20.000;002145;5.000
11;Warzywa Pakowane;9.34;2018-11-10;szt;WŁOSZCZYZNA TACKA 500g;2469600000000;0.58;090402;5;0.500;002227;4.000
12;Napoje typu Izotoniki, energetyki;2.00;2018-11-10;szt;NAPÓJ ENERGET.BURN ORIGINAL 250ml;5060466519404;0.40;070304;23;0.250;002416;1.000
13;Przekąski;4.58;2018-11-10;szt;CHIPSY LAY'S Z PIECA JOGURT Z ZIOŁ 130 g;5900259089632;1.29;120101;8;0.130;002675;1.000
14;Dodatki do ciast;15.00;2018-11-10;szt;CUKIER Z WANILIĄ BOURBON DR OETKER 12 g;5900437082738;4.00;120903;23;0.012;002869;5.000
15;czekolady;10.53;2018-11-10;szt;CZEKOLADA MILKA ALPINE MILK 270 g;7622210703538;3.37;121106;23;0.270;002886;1.000
16;Śmietany;8.54;2018-11-10;szt;ŚMIETANA ZOTT 30% 200 g;5906040063225;1.49;060805;5;0.200;002941;3.000
17;Marynaty rybne Waga;15.57;2018-11-10;kg;PŁATY ŚLEDZIOWE A'LA BISMARCK LUZ;2902164000000;3.28;040201;5;1.000;003157;0.976
18;Wędzonki waga;6.33;2018-11-10;kg;SZYNKA W KOTLE WARZONA OLEWNIK;2902167000000;0.73;040408;5;1.000;003228;0.202
19;Wędzonki waga;16.86;2018-11-10;kg;KURCZAK GOTOWANY WĘDZONY TARCZYŃSKI;2902214000000;1.95;040408;5;2.500;003258;0.658
20;Gumy do żucia;1.75;2018-11-10;szt;GUMA MENTOS PURE FRESH LIME MINT 15,5 g;80975090;0.51;121107;8;0.016;003509;1.000
21;Marynaty rybne Waga;7.58;2018-11-10;kg;FILETY ŚLEDZIOWE W SOSIE ŚMIETANOWYM LUZ;2900777000000;-0.94;040201;5;3.000;003570;0.730
22;Napoje gazowane inne;1.94;2018-11-10;szt;NAPÓJ 3 LIMONKI GAZ ZBYSZKO 1,5l;5906441340871;0.22;070301;23;1.500;003597;1.000
23;Napoje gazowane inne;3.89;2018-11-10;szt;NAPÓJ 3 POMAR GAZ ZBYSZKO 1,5l;5906441340864;0.45;070301;23;1.500;003611;2.000
24;Piwo w butelce;16.54;2018-11-10;szt;PIWO LECH FREE ALASKA 500ml BUT.ZWR.;5901359074245;4.66;010301;23;0.500;004079;6.000
25;Warzywa kapustne [z];3.80;2018-11-10;szt;KAPUSTA COOLWRAP szt.;2425000000000;0.19;090702;5;1.000;004415;1.000
26;Sery żółte Waga;10.27;2018-11-10;kg;SER CEZAR PREMIUM SM RYKI LUZ;2902445000000;2.58;040303;5;1.000;005116;0.432
27;Akcesoria gospodarstwa domowego;2.56;2018-11-10;szt;WORKI NA ŚMIECI 35L AMIGO 15SZT;5904771003251;0.78;110201;23;1.000;005282;1.000
28;Dodatki do ciast;7.44;2018-11-10;szt;WAFLE TORTOWE KWADRATOWE EURO 160 g;5903111175115;2.34;120903;23;0.160;005370;3.000
29;Śmietany;2.18;2018-11-10;szt;ŚMIETANA 12% 180g ZOTT;5906040063294;1.01;060805;5;0.180;005443;1.000
30;Owoce Pakowane;3.30;2018-11-10;szt;POMARAŃCZA SIATKA (KAL.1-2) 3szt.;2426600000000;0.06;090401;8;1.000;005547;1.000
31;mąka;2.31;2018-11-10;szt;SKROBIA ZIEMNIACZANA NIECHLÓW 500 g;5900596000017;0.37;121004;8;0.500;005958;1.000
32;Likiery i inne alkohole;8.61;2018-11-10;szt;NAPÓJ SP.KRUPNIK SŁONY KARMEL 16% 200ml;5900595009165;1.82;010403;23;0.200;007002;1.000
33;Wędzonki waga;8.38;2018-11-10;kg;SZYNKA NIE ZE WSI;2902336000000;0.28;040408;5;1.000;007345;0.402
34;Pieczywo mrożone - Ciasta;11.28;2018-11-10;szt;BUŁKI MLECZNE 10SZT DAKRI;5901688805527;2.28;100206;8;1.000;007435;2.000
35;Napoje gazowane inne;2.02;2018-11-10;szt;LEMONIADA CHILLEMON WIŚNIA CZEREŚN.330ml;5902241704295;0.55;070301;23;0.330;007603;1.000
36;Przekąski;4.66;2018-11-10;szt;CHRUPKI CHEETOS PIZZERINI 155 g;5900259092694;1.19;120101;5;0.155;007640;1.000
37;Wina spokojne;19.39;2018-11-10;szt;WINO CARLO ROSSI REFRES.POMEGR.10% 750ml;0085000027219;3.90;010107;23;0.750;008021;1.000
38;Wina spokojne;38.78;2018-11-10;szt;WINO CARLO ROSSI REF.MIX.BERRY 10% 750ml;0085000027226;7.80;010107;23;0.750;008022;2.000
39;Warzywa sałatkowe [z];1.99;2018-11-10;kg;OGÓREK KRÓTKI POLSKI kg;5908235951737;0.50;090704;5;1.000;008031;0.332
40;Warzywa okopowe [z];3.86;2018-11-10;kg;CEBULA ŻÓŁTA kg;5908235950563;1.56;090703;5;1.000;008058;1.320
41;Warzywa okopowe [z];2.47;2018-11-10;kg;CEBULA BIAŁA kg;5908235950488;0.79;090703;5;1.000;008101;0.472
42;Cytrusy [z];15.75;2018-11-10;kg;CYTRYNA kg;5908235950716;9.15;090502;8;1.000;008437;1.612
43;Dania mączne pakowane;6.90;2018-11-10;szt;PIZZA CZTERY SERY PAPA LUIGI 400 g;5901885565545;1.45;060601;5;0.400;008486;1.000
44;Kiełbasy cienkie waga;17.22;2018-11-10;kg;KIEŁBASA PODLASKA DOBROWOLSCY;2902432000000;1.98;040403;5;1.000;008489;1.010
45;Cukierki pakowane;3.24;2018-11-10;szt;ŻELKI WAWEL JAK SMOK Z PIANKĄ 100 g;5900102022595;1.69;121105;23;0.100;008515;1.000
46;Piwo w puszce;4.23;2018-11-10;szt;NAPÓJ PIWNY SOMERSBY WATERMELON 500ml PUSZ;5900014004863;1.96;010302;23;0.500;008615;1.000
47;Sezonowe świąteczne;1.91;2018-11-10;szt;BAŃKI MYDLANE MYSZKA MINI 60ML;8007315538008;0.58;110204;23;0.060;008821;1.000
48;ryż;3.23;2018-11-10;szt;RYŻ SARITA BIAŁY DŁUGOZIARNISTY 1KG;5909000779174;0.64;121005;5;1.000;008924;1.000
49;Piwo w butelce;0.00;2018-11-10;szt;PIWO WARKA JASNE PEŁNE 6x500 ml PUSZKA;5902746640159;0.00;010301;23;3.000;009196;0.000
50;Piwo w butelce;51.15;2018-11-10;szt;PIWO WARKA JASNE PEŁNE 6x500 ml PUSZKA;2100078006992;-20.76;010301;23;3.000;009196;9.000
51;Marynaty rybne Waga;4.57;2018-11-10;kg;FILETY ŚLEDZIOWE Z OLEJEM LUZ;2902510000000;0.34;040201;5;2.300;009303;0.284
52;Papierosy;10.56;2018-11-10;szt;PAPIEROSY LD COLORS SUPER LINE B8;59079132;0.57;030103;23;20.000;009577;1.000
53;Woda;1.46;2018-11-10;szt;NAPÓJ ŻYWIEC ZDRÓJ POTWOR.POZIOM.N/GAZ 500 ml;5900541006767;0.17;070101;23;0.500;009603;1.000
54;szkoła;1.91;2018-11-10;szt;NOŻYCZKI ARTSEZON;5901812782595;0.58;110205;23;1.000;009680;1.000
55;Płatki śniadaniowe;8.55;2018-11-10;szt;PŁATKI LION WILDCRUSH 150 g;5900020032294;1.79;120303;5;0.150;009915;2.000
56;Artykuły kosztowe;5.98;2018-11-10;szt;TORBA KOSZULKA HDPE DC 30X53 50my;5907228010970;2.20;080201;23;1.000;010054;21.000
57;Znicze;5.33;2018-11-10;szt;ZNICZ SZKLANY S-114 100 g 35H;5906732415783;1.60;110206;23;1.000;010382;1.000
58;Lizaki;1.42;2018-11-10;szt;LIZAK CHUPA CHUPS CZASZKA 15 g;6921211113478;0.34;121108;23;0.015;010510;1.000
59;Desery w proszku;1.44;2018-11-10;szt;BUDYŃ WINIARY MALINOWY 60 g;5900085002270;0.52;120902;8;0.060;011288;1.000
60;Warzywa okopowe [z];8.30;2018-11-10;kg;PIETRUSZKA kg;5908235952017;2.71;090703;5;1.000;011469;0.868
61;Wędliny pakowane;6.24;2018-11-10;szt;KABANOS KLASYCZNY DROBIOWY 200 g;5908230519932;1.34;060605;5;0.200;012068;1.000
62;Warzywa okopowe [z];0.48;2018-11-10;kg;BURAK CZERWONY kg;5908235950464;0.13;090703;5;1.000;015241;0.400
63;Warzywa kapustne [z];5.61;2018-11-10;kg;KAPUSTA BIAŁA kg;5908235951294;2.14;090702;5;1.000;015278;2.528
64;Warzywa sałatkowe [z];5.31;2018-11-10;kg;PAPRYKA CZERWONA kg;5908235951881;2.08;090704;5;1.000;015291;0.592
65;Ciastka;15.76;2018-11-10;kg;WAFLE KAKAOWE CHRUPS CUKRY NYSKIE kg;5901228003192;5.73;121104;23;1.000;015400;1.212
66;Kiszonki i koncentraty;4.61;2018-11-10;szt;KAPUSTA KWASZ.W.Z MARCH. 650g;5903560889076;0.35;090201;8;0.650;015448;2.000
67;Warzywa sałatkowe [z];4.24;2018-11-10;szt;SAŁATA LODOWA szt.;2460800000000;1.35;090704;5;1.000;015638;1.000
68;Cytrusy [z];10.69;2018-11-10;kg;POMARAŃCZA kg;5908238695171;4.36;090502;8;1.000;016104;1.462
69;Warzywa sałatkowe [z];18.49;2018-11-10;kg;POMIDOR ŚLIWKOWY kg;5908235952307;6.76;090704;5;1.000;016225;2.312
70;Owoce egzotyczne [z];10.92;2018-11-10;kg;BANAN kg;5908235950228;3.97;090505;8;1.000;016291;2.016
71;Ryby wędzone Waga [z];20.12;2018-11-10;kg;DORSZ CZERNIAK WĘDZ N/G kg;2900329000000;2.61;040204;5;1.000;016907;1.062
72;Papierosy;34.12;2018-11-10;szt;PAPIEROSY LD MINT KSX20 B8;59072256;1.85;030103;23;1.000;018611;3.000
73;Warzywa sałatkowe [z];27.66;2018-11-10;kg;POMIDOR kg;5908238696338;1.26;090704;5;1.000;019009;7.312
74;Jabłka i gruszki [z];7.63;2018-11-10;kg;JABŁKO kg;5908238696222;2.46;090503;5;1.000;019948;4.494
75;Grzyby [z];9.60;2018-11-10;kg;PIECZARKA kg;5908235951997;-1.21;090701;5;1.000;019949;1.866
76;Papierosy;12.20;2018-11-10;szt;PAPIEROSY CAMEL NATURAL BLUE;59072201;1.71;030103;23;1.000;020532;1.000
77;Papierosy;38.99;2018-11-10;szt;PAPIEROSY WINSTON BLUE X20;59072409;2.27;030103;23;1.000;020549;4.000
78;Papierosy;29.24;2018-11-10;szt;PAPIEROSY WINSTON CLASSIC B8;59072393;1.70;030103;23;1.000;020557;3.000
79;Papierosy;11.37;2018-11-10;szt;PAPIEROSY LD SUPER SLIMS FRESH OPTION;59072355;0.62;030103;23;20.000;020814;1.000
80;Papierosy;13.41;2018-11-10;szt;PAPIEROSY PALL MALL 24 POCKET RED;59064077;0.68;030103;23;24.000;020860;1.000
81;Papierosy;24.37;2018-11-10;szt;PAPIEROSY L&M COOL MNT.LABEL KS X20;5903621030959;1.15;030103;23;1.000;020979;2.000
82;Papierosy;9.75;2018-11-10;szt;PAPIEROSY WINSTON 100 RED NOWE;59072416;0.57;030103;23;20.000;020983;1.000
83;Papierosy;38.99;2018-11-10;szt;PAPIEROSY WINSTON XS BLUE SSL;59072461;2.27;030103;23;20.000;020984;4.000
84;Papierosy;53.66;2018-11-10;szt;PAPIEROSY PALL MALL 24 POCKET BLUE;59064084;2.75;030103;23;20.000;020989;4.000
85;Papierosy;11.95;2018-11-10;szt;PAPIEROSY LUCKY STRIKE CLICK KS;59063667;0.69;030103;23;20.000;021300;1.000
86;Papierosy;21.12;2018-11-10;szt;PAPIEROSY CHESTERFIELD BLUE 100KSX20;5903621262633;1.11;030103;23;1.000;021416;2.000
87;Papierosy;77.98;2018-11-10;szt;PAPIEROSY ROTHMANS BLUE 20KS;59063865;4.38;030103;23;1.000;021525;8.000
88;Papierosy;38.99;2018-11-10;szt;PAPIEROSY WINSTON XS MENTHOL SSL;59072454;2.26;030103;23;20.000;021547;4.000
89;Papierosy;10.56;2018-11-10;szt;PAPIEROSY PALL MALL SLIMS GRE.100MMX20;59063810;0.63;030103;23;1.000;021731;1.000
90;Papierosy;21.12;2018-11-10;szt;PAPIEROSY PALL MALL SLIMS BLUE 100MMX20;59063803;1.26;030103;23;1.000;022354;2.000
91;Papierosy;77.98;2018-11-10;szt;PAPIEROSY ROTHMANS RED X20;59063858;4.38;030103;23;1.000;022356;8.000
92;Warzywa sałatkowe [z];12.48;2018-11-10;kg;POR kg;5908235952383;5.94;090704;5;1.000;024921;1.470
93;Tytoń;9.75;2018-11-10;szt;TYTOŃ ROTHMANS BLUE 30 g B8;5999096405101;0.44;030104;23;0.030;025024;1.000
94;Tytoń;32.11;2018-11-10;szt;TYTOŃ PALL MALL BLUE 85g;3856008830647;1.35;030104;23;0.085;025780;1.000
95;Cytrusy [z];27.44;2018-11-10;szt;POMELO szt.;2482400000000;0.10;090502;8;1.000;026133;6.000
96;Marynaty rybne Waga;2.54;2018-11-10;kg;RYBA PO CHOJNICKU DORSZOWATA KG;2900152000000;0.85;040201;5;3.000;026760;0.156
97;Papierosy;12.36;2018-11-10;szt;PAPIEROSY LUCKY STRIKE BLUE;59063957;0.72;030103;23;20.000;029412;1.000
98;Warzywa okopowe [z];7.56;2018-11-10;kg;BATATY kg;2480400000000;1.55;090703;5;1.000;029571;0.918
99;Zieleniny [z];1.70;2018-11-10;szt;NATKA PIETRUSZKI SZT;2409600000000;0.75;090706;5;1.000;031026;1.000
100;Papierosy;10.56;2018-11-10;szt;PAPIEROSY WINSTON OPTION BLUE KS;59072430;0.61;030103;23;20.000;032858;1.000
101;Kurczak Waga [z];43.77;2018-11-10;kg;PIERŚ Z KURCZAKA ZK ZS kg;2900105000000;-1.96;040105;5;1.000;034812;4.600
102;Papierosy;10.56;2018-11-10;szt;PAPIEROSY WINSTON OPTION SSL;59072447;0.61;030103;23;20.000;035004;1.000
103;Napoje typu cola;3.24;2018-11-10;szt;NAPÓJ COCA COLA LIME 1,5l PET;5449000089656;0.60;070302;23;1.500;035637;1.000
104;Warzywa sałatkowe [z];21.12;2018-11-10;szt;OGÓREK DŁUGI szt.;5908235953748;13.42;090704;5;1.000;035834;5.000
105;Sałaty pakowane;3.04;2018-11-10;szt;SAŁATKA CESARSKA WYBRANE PRZEZ 120g;2499200000000;0.36;090601;8;0.120;036338;1.000
106;Papierosy;12.60;2018-11-10;szt;PAPIEROSY L&M LINK BLUE SSL 100MMX20;5903621081456;0.61;030103;23;1.000;037400;1.000
107;Piwo w puszce;108.40;2018-11-10;szt;PIWO FOX MOCNE 500ml PUSZ;5909000518209;21.97;010302;23;0.500;037507;67.000
108;Papierosy;12.76;2018-11-10;szt;PAPIEROSY L&M FORWARD MNT KS BOX X20;5903621160731;0.60;030103;23;1.000;039408;1.000
109;Papierosy;26.83;2018-11-10;szt;PAPIEROSY MARLBORO GOLD KSX20;5903621251132;1.51;030103;23;1.000;039844;2.000
110;Konserwy rybne;4.52;2018-11-10;szt;FILECIKI Z MAK.W SOS.POM.A'LA PIZ.GRAALKI SMA.RYB.100 g;5903895635577;1.09;120704;5;0.100;040764;1.000
111;Marynaty rybne Waga;14.97;2018-11-10;kg;FILETY ŚLEDZIOWE SOLONE ALA MATIAS LUZ;2900163000000;3.17;040201;5;1.000;040819;1.124
112;Twarogi pakowane;2.18;2018-11-10;szt;SEREK KANAPK ZE SZCZYP.HOCHLAND 130g;5902899139661;0.24;060204;5;0.130;040875;1.000
113;Twarogi pakowane;2.18;2018-11-10;szt;SEREK KANAPK.ŚMIET.HOCHLAND 130g;5902899139623;-0.11;060204;5;0.130;040876;1.000
114;Twarogi pakowane;4.36;2018-11-10;szt;SEREK KANAPK.Z SZYNKĄ HOCHLAND 130g;5902899139708;-0.22;060204;5;0.130;040879;2.000
115;Wódka;10.46;2018-11-10;szt;WÓDKA JOKER 38% 100ml;5909000518322;1.19;010405;23;0.100;041102;3.000
116;Warzywa sałatkowe [z];16.72;2018-11-10;kg;POMIDOR MALINOWY POLSKI kg;5908235952253;8.52;090704;5;1.000;041124;1.932
117;Papierosy;48.75;2018-11-10;szt;PAPIEROSY L&M BLUE LABEL KSX20;5903621242444;2.30;030103;23;1.000;041521;4.000
118;Papierosy;24.37;2018-11-10;szt;PAPIEROSY P&S RED KS 22;4030600184318;1.57;030103;23;22.000;041778;2.000
119;Papierosy;48.75;2018-11-10;szt;PAPIEROSY P&S BLUE KS 22;4030600184257;3.15;030103;23;22.000;042264;4.000
120;Wędliny pakowane;11.41;2018-11-10;szt;SZYNKA SZWARCWALDZ. ABRAHAM 80g;4034167701711;2.83;060605;5;0.080;056448;2.000
121;Karma dla psów;5.14;2018-11-10;szt;KARMA PEDIGREE RODEO 122g;5010394982849;1.34;130103;8;0.127;062248;1.000
122;Przekąski;7.39;2018-11-10;szt;CHIPSY LAY'S STRONG CHILLI 140 g;5900259076656;-0.89;120101;8;0.140;062360;2.000
123;Sezonowe grillowe;13.05;2018-11-10;szt;WKŁAD ELEKTRYCZNY PROMYK;5904603487051;2.67;110203;23;50.000;063949;3.000
124;Mleko UHT;4.29;2018-11-10;szt;MLEKO ZAGĘSZCZONE MIKUŚ 75 g;5900197021466;1.13;060804;5;0.075;066993;2.000
125;Dania mrożone;7.70;2018-11-10;szt;PIZZA Z KURCZAKIEM IGLOTEX 435 g;5902162105713;2.06;050201;5;0.435;073309;1.000
126;Warzywa konserwowe;1.84;2018-11-10;szt;ĆWIKŁA Z CHRZANEM SŁONECZNY OGRÓD 300 g;5908235948560;0.45;120711;8;0.300;083553;1.000
127;Słodycze luz;7.23;2018-11-10;kg;WAFLE SĄDECKIE ŚMIETANKOWE kg;5907763900309;2.18;121109;8;1.000;087035;0.550
128;Ciastka;8.94;2018-11-10;szt;CIASTKA TEA BISCUITS 400 g;8690526070285;2.38;121104;23;0.400;088737;2.000
129;Opakowania;16.80;2018-11-10;szt;BUTELKA 0,50 ZŁ;80000;4.80;080301;0;1.000;099990;24.000
130;Desery, serki, kefiry;5.57;2018-11-10;szt;JOGURT POLSKIE SMAKI Z MUSEM TRUSKAWKOWYM BAKOMA 120 g;5900197015472;1.40;060801;5;0.120;100143;3.000
131;Desery, serki, kefiry;4.55;2018-11-10;szt;SEREK BAKOMA BAKUŚ WANILIOWY DO KIESZONKI 80g;5900197014048;1.11;060801;5;0.080;100147;2.000
132;makaron;5.99;2018-11-10;szt;MAKARON CZANIECKI GNIAZDA SWOJSKIE 500g;5901841000356;1.49;121003;5;0.500;100779;1.000
133;Owoce w puszkach;2.31;2018-11-10;szt;MUS OWOCOWY BAKOMA FRUCIAKI JABŁKO 90g;5900197016783;0.60;120904;8;0.090;101524;1.000
134;Owoce w puszkach;4.61;2018-11-10;szt;MUS OWOCOWY FRUCIAKI JABŁKO BRZOSKWINIA 90 g;5900197016806;1.19;120904;8;0.090;101540;2.000
135;farmacja;7.45;2018-11-10;szt;TABLETKI 2KC x3;5901130350261;2.25;030401;8;3.000;104061;1.000
136;farmacja;5.32;2018-11-10;szt;PLASTRY FAMILIJNE DZIECIĘCE ACTIVPLAST 16SZT;5907527949520;1.61;030401;8;16.000;105026;1.000
137;Herbaty pozostałe;3.46;2018-11-10;szt;HERBATA EXP.HERBAPOL MELISA x20 TB;5900956002323;1.22;120602;23;20.000;106375;1.000
138;Herbaty pozostałe;4.51;2018-11-10;szt;HERBATA EXP.PROSTO Z LASU x20;5900956000688;1.77;120602;23;20.000;113347;1.000
139;Mleko UHT;2.09;2018-11-10;szt;MLEKO UHT 1,5% MLECZNA ZAGRODA 1l KAR.;5908235956343;0.20;060804;5;1.000;116188;1.000
140;Mleko UHT;8.83;2018-11-10;szt;MLEKO UHT 1,5% WYDOJONE BEZ LAKTOZY 1l;5900512982335;2.20;060804;5;1.000;118966;3.000
141;Akcesoria gospodarstwa domowego;2.11;2018-11-10;szt;FOLIA ALUM.AMIGO ALUFOLIA ROLKA 28CM/10M;5904771002919;0.32;110201;23;1.000;122081;1.000
142;Bombonierki;10.50;2018-11-10;szt;BOMBONIERKA WIŚNIE W LIKIERZE KARTON SOLIDARNOŚĆ 190g;5900189003609;2.56;121102;23;0.190;129327;1.000
143;Ciastka;2.11;2018-11-10;szt;BISZKOPTY  PARTY Z GAL.POM W CZEK. DELICPOL 135g;5901141003231;0.53;121104;23;0.135;130584;1.000
144;Akcesoria do papierosów;7.85;2018-11-10;szt;GILZY WRB 500;5908278573682;2.26;030101;23;500.000;138389;1.000
145;Śmietany;2.48;2018-11-10;szt;ŚMIETANA ZOTT NATUR. 12% 330 g KUB.;2100065001306;-1.58;060805;5;0.330;141585;2.000
146;Wieprzowina Waga [z];38.22;2018-11-10;kg;KARKÓWKA WP B/K kg;2901222000000;0.32;040703;5;1.000;200003;3.146
147;Kurczak Waga [z];62.34;2018-11-10;kg;ĆWIARTKA Z KURCZAKA kg;2900098000000;3.26;040105;5;1.000;200004;18.758
148;Kurczak Waga [z];5.21;2018-11-10;kg;WĄTRÓBKA Z KURCZAKA kg;2900101000000;0.82;040105;5;1.000;200075;1.190
149;Wieprzowina Waga [z];8.13;2018-11-10;kg;KOŚCI SCHABOWE WIEPRZOWE kg;2901279000000;1.39;040703;5;1.000;200086;2.254
150;Kiełbasy grube waga;59.04;2018-11-10;kg;KIEŁBASA ŚLĄSKA SOKOŁÓW MAP kg;2900693000000;15.41;040404;5;1.000;200111;3.164
151;Wędzonki waga;16.24;2018-11-10;kg;OGONÓWKA MADEJ&WRÓBEL kg;2900830000000;0.96;040408;5;1.000;200122;1.142
152;Wyroby podrobowe i garmażeryjne waga;11.26;2018-11-10;kg;PASZTET Z PIECA SOKOŁÓW kg;2901083000000;2.95;040409;5;1.000;200169;0.810
153;Salami waga;12.40;2018-11-10;kg;SALAMI W OBSYPCE Z CZERWONEJ PAPRYKI SOKOŁÓW kg;2900793000000;3.22;040407;5;1.000;200173;0.306
154;Wyroby podrobowe i garmażeryjne waga;25.09;2018-11-10;kg;SALCESON KRÓLEWSKI SOKOŁÓW kg;2901081000000;6.34;040409;5;1.000;200176;1.294
155;Parówki, parówkowe i serdelki waga;79.45;2018-11-10;kg;PARÓWKI BERLINKI CLASSIC MORLINY MAP kg;2900765000000;-36.02;040406;5;1.000;200308;9.200
156;Wędzonki waga;22.72;2018-11-10;kg;SZYNKA BANKIETOWA ANIMEX kg;2900865000000;5.20;040408;5;1.000;200349;1.036
157;Kiełbasy cienkie waga;7.44;2018-11-10;kg;KIEŁBASA ŚLĄSKA MIĘSNE SPECJAŁY kg;2900576000000;2.14;040403;5;1.000;200431;0.422
158;Wędzonki waga;20.14;2018-11-10;kg;SCHAB Z PIECA MADEJ WRÓBEL KG;2900922000000;1.30;040408;5;1.000;200520;1.024
159;Kiełbasy cienkie waga;13.54;2018-11-10;kg;KIEŁBASA ŚLĄSKA MORLINY kg;2900592000000;1.56;040403;5;1.000;200538;1.102
160;Wędzonki waga;11.01;2018-11-10;kg;SZYNKA GAZDY kg;2900837000000;1.27;040408;5;1.000;200644;0.464
161;Sery żółte Waga;10.00;2018-11-10;kg;SER ŻÓŁTY KRÓLEWSKI BLOK kg;2900446000000;3.11;040303;5;1.000;200673;0.336
162;Sery żółte Waga;7.45;2018-11-10;kg;SER ŻÓŁTY ZŁOTY MAZUR 45% BLOK kg;2900431000000;-0.34;040303;5;1.000;200680;0.412
163;Sery żółte Waga;10.75;2018-11-10;kg;SER GOUDA JAGR kg;2900425000000;2.68;040303;5;1.000;200694;0.436
164;Sery żółte Waga;57.49;2018-11-10;kg;SER ŻÓŁTY JAGRAMER kg;2900449000000;4.61;040303;5;1.000;200712;3.058
165;Sery żółte Waga;6.80;2018-11-10;kg;SER SALAMI CZOSNEK ZIOŁA SPOMLEK kg;2900420000000;1.70;040303;5;1.000;200760;0.258
166;Sery premium Waga;20.60;2018-11-10;kg;SER MOZZARELLA BLOK PASŁĘK KG;2900398000000;5.15;040302;5;1.000;200784;0.874
167;Dania mięsne Waga;7.70;2018-11-10;kg;SAŁATKA Z SZYNKĄ DEGA kg;2901135000000;0.90;040602;5;1.000;201047;0.908
168;Wędzonki waga;10.54;2018-11-10;kg;KURCZAK GOTOWANY TARCZYŃSKI kg;2900962000000;0.61;040408;5;1.000;201075;0.438
169;Wieprzowina Waga [z];117.54;2018-11-10;kg;ŁOPATKA WP B/K kg;2901238000000;-8.87;040703;5;1.000;201108;14.784
170;Wieprzowina Waga [z];18.59;2018-11-10;kg;SCHAB WP B/K kg;2901240000000;4.09;040703;5;1.000;201110;1.028
171;Kurczak Waga [z];36.70;2018-11-10;kg;PODUDZIA Z KURCZAKA kg;2900099000000;6.53;040105;5;1.000;201122;6.046
172;Kurczak Waga [z];5.30;2018-11-10;kg;PORCJA ROSOŁOWA Z KURCZAKA kg;2900100000000;0.88;040105;5;1.000;201129;2.942
173;Wyroby podrobowe i garmażeryjne waga;13.01;2018-11-10;kg;PASZTETOWA DROBIOWA DUDA kg;2901092000000;4.35;040409;5;1.000;201140;1.372
174;Kurczak Waga [z];30.35;2018-11-10;kg;SKRZYDŁO Z KURCZAKA kg;2900119000000;5.24;040105;5;1.000;201150;5.354
175;Sery żółte Waga;103.80;2018-11-10;kg;SER JAGNA OK CEKO KG;2900471000000;26.26;040303;5;1.000;201200;3.856
176;Wędzonki waga;3.11;2018-11-10;kg;POLĘDWICA SOPOCKA KAROL kg;2900859000000;0.91;040408;5;1.000;201218;0.168
177;Cukierki pakowane;2.39;2018-11-10;kg;GALARETKI Z NADZ.JOLLY SOLIDARNOŚĆ LUZ;5900189008178;0.27;121105;23;1.000;201437;0.164
178;Warzywa sałatkowe [z];1.63;2018-11-10;kg;PAPRYKA ŻÓŁTA kg;5908235951973;0.41;090704;5;1.000;201765;0.178
179;Margaryna kulinarna;8.72;2018-11-10;szt;MARGARYNA KASIA KOSTKA 250 g;5900300514502;2.12;060301;5;0.250;202224;4.000
180;Olej;11.36;2018-11-10;szt;OLEJ KUJAWSKI 1L;5900012000232;0.34;060305;5;1.000;202227;2.000
181;Kawy rozpuszczalne;11.13;2018-11-10;szt;KAWA ROZP.NESCAFE CLASSIC 200g;7613031918881;-0.57;120802;23;0.200;202229;1.000
182;Produkty z pomidorów;3.38;2018-11-10;szt;KONCENTRAT POMID.DAWTONA 30% 200g;5901713000071;1.99;120707;8;0.200;202232;1.000
183;ryż;5.50;2018-11-10;szt;RYŻ BIAŁY 4x100g RISANA;5902180020104;1.64;121005;5;0.400;202236;2.000
184;Warzywa konserwowe;6.09;2018-11-10;szt;KUKURYDZA KONS.PUDLISZKI 400g;5900783000073;1.23;120711;8;0.220;202243;2.000
185;Soki, nektary, inne napoje niegazowane;4.09;2018-11-10;szt;SOK HORTEX POMARAŃCZOWY 1l KAR.;5900500024290;0.66;070305;5;1.000;202249;1.000
186;Herbaty czarne;3.86;2018-11-10;szt;HERBATA EXP.LIPTON x25 TB. 50g;5900300550159;0.97;120601;23;25.000;202270;1.000
187;Produkty z pomidorów;8.31;2018-11-10;szt;KONCENTRAT POMID.PUDLISZKI 30%.200 g;5900783000134;0.84;120707;8;0.200;202272;3.000
188;Napoje typu cola;6.33;2018-11-10;szt;NAPÓJ COCA COLA 1l PET;5449000054227;1.73;070302;23;1.000;202277;2.000
189;Soki, nektary, inne napoje niegazowane;3.80;2018-11-10;szt;SOK HORTEX JABŁKOWY 1l;5900500024337;0.75;070305;5;1.000;202278;1.000
190;Zupy;5.01;2018-11-10;szt;ZUPA VIFON KURCZAK ZŁOTY ŁAGODNY 70g;5901882110014;1.80;120712;5;0.070;202280;3.000
191;czekolady;3.65;2018-11-10;szt;CZEKOLADA NUSSBEISSER Z ORZECH.100g;5903189076314;-0.49;121106;23;0.100;202281;1.000
192;Zupy;6.82;2018-11-10;szt;ZUPA VIFON KURCZAK CURRY OSTRY 70g;5901882110069;2.46;120712;5;0.070;202300;4.000
193;Pasztety;1.90;2018-11-10;szt;PASZTET PROFI DROBIOWY Z PIECZ.131g;5901696000068;0.31;120706;5;0.131;202306;1.000
194;Pasztety;3.79;2018-11-10;szt;PASZTET PROFI DROBIOWY FIRMOWY 131g;5901696000013;0.93;120706;5;0.131;202310;2.000
195;Detergenty do prania;8.12;2018-11-10;szt;ODPLAMIACZ VANISH 1L;5900627006315;2.51;020601;23;1.000;202319;1.000
196;Przyprawy;5.42;2018-11-10;szt;PRZYPRAWA KNORR DELIKAT DO MIĘS 75 g;5900300543717;-2.89;120708;8;0.075;202339;3.000
197;Przekąski;5.73;2018-11-10;szt;ORZESZKI FELIX ZIEMNE SOLONE 140 g PUSZKA;5900571000025;1.62;120101;8;0.140;202349;1.000
198;Napoje typu cola;4.70;2018-11-10;szt;NAPÓJ COCA COLA 500ml PET;54491472;1.98;070302;23;0.500;202369;2.000
199;Przyprawy;1.54;2018-11-10;szt;PRZYPRAWA KAMIS LIŚĆ LAUROWY 6g;5900084009010;0.39;120708;23;0.006;202370;1.000
200;Higiena niemowląt ;2.35;2018-11-10;szt;SZAMPON DO WŁOSÓW BAMBI DLA DZIECI 150ML;5900057010029;0.70;020802;23;0.150;202455;1.000
201;Zupy;2.05;2018-11-10;szt;ZUPA AMINO NUDLE ROSÓŁ 59 g;8711200336173;0.90;120712;5;0.059;202457;1.000
202;Przyprawy;1.54;2018-11-10;szt;PRZYPRAWA KAMIS PAPRYKA OSTRA 20g;5900084002028;0.39;120708;23;0.020;202474;1.000
203;Napoje gazowane inne;2.67;2018-11-10;szt;NAPÓJ SPRITE GAZ.1l PET;5449000050939;0.30;070301;23;1.000;202475;1.000
204;Dodatki do ciast;3.01;2018-11-10;szt;DROŻDŻE DR.OETKER INSTANT 7g;5900437011110;0.97;120903;23;0.007;202481;2.000
205;Desery w proszku;1.81;2018-11-10;szt;GALARETKA DR.OETKER TRUSKAWKOWA 77 g;5900437034522;0.89;120902;8;0.075;202510;1.000
206;Mleko UHT;2.56;2018-11-10;szt;MLEKO UHT ŁACIATE 3,2% 1l.KAR.;5900820000011;0.29;060804;5;1.000;202524;1.000
207;Desery w proszku;1.20;2018-11-10;szt;BUDYŃ DR.OETKER WANILIOWY 40g;5900437020013;0.43;120902;8;0.040;202535;1.000
208;Piwo w puszce;2.84;2018-11-10;szt;PIWO LECH PREMIUM 500ml PUSZ;5900490000182;0.85;010302;23;0.500;202539;1.000
209;Środki do czyszczenia;4.06;2018-11-10;szt;PŁYN UNIWERSALNY AJAX FF ZIELONY 1L;5900273472939;0.45;020501;23;1.000;202546;1.000
210;Sosy mokre;3.79;2018-11-10;szt;KETCHUP KOTLIN PIKANTNY 450g;5900385012528;0.92;120709;8;0.450;202557;1.000
211;Desery w proszku;1.01;2018-11-10;szt;KISIEL DR.OETKER TRUSKAW.Z WIT.C 38g;5900437033839;0.30;120902;8;0.038;202565;1.000
212;Piwo w butelce;65.78;2018-11-10;szt;PIWO LECH PREMIUM 500ml BUT.ZWR.;5900490000427;11.84;010301;23;0.500;202570;29.000
213;Twarogi pakowane;7.47;2018-11-10;szt;SEREK WIEJSKI PIĄTNICA 200g KUBEK;5900531000010;0.59;060204;5;0.200;202577;4.000
214;Sery topione pakowane;2.75;2018-11-10;szt;SER TOP.HOCHLAND PAPRYKA 100g BLOK;5902899103709;0.65;060202;5;0.100;202663;1.000
215;Mleko UHT;3.51;2018-11-10;szt;MLEKO ZAGĘSZCZONE SŁODZONE KARMEL GOSTYŃ 150g TUB;5900691032142;0.69;060804;5;0.150;202708;1.000
216;Mleko UHT;3.51;2018-11-10;szt;MLEKO ZAGESZCZONE KAKAO GOSTYŃ 150g TUB;5900691032128;0.69;060804;5;0.150;202715;1.000
217;Mleko UHT;7.03;2018-11-10;szt;MLEKO ZAGĘSZCZONE SŁODZONE BIAŁE GOSTYŃ 150g TUB;5900691032111;1.39;060804;5;0.150;202718;2.000
218;Pasztety;1.70;2018-11-10;szt;PASZTET PROFI DROBIOWY Z INDYKA 131g;5901696000099;0.44;120706;5;0.131;202736;1.000
219;Desery w proszku;2.57;2018-11-10;szt;BUDYŃ DELECTA ŚMIETANKOWY 64g;5900983000194;0.71;120902;8;0.064;202741;2.000
220;Piwo w puszce;2.32;2018-11-10;szt;PIWO ŻUBR 500ml PUSZ;5900877000293;0.37;010302;23;0.500;202754;1.000
221;Napoje typu cola;6.87;2018-11-10;szt;NAPÓJ PEPSI COLA 330ml PUSZ;5900497310338;0.83;070302;23;0.330;202760;5.000
222;Kawy rozpuszczalne;5.67;2018-11-10;szt;KAWA CAPP.MOKATE Z MAGNEZEM STR.110g;5902891280231;0.49;120802;23;0.110;202784;2.000
223;Napoje gazowane inne;2.59;2018-11-10;szt;NAPÓJ 7UP GAZ.1l PET;5900497341011;0.29;070301;23;1.000;202810;1.000
224;Napoje typu cola;4.12;2018-11-10;szt;NAPÓJ PEPSI MAX BEZ KALORII 330ml PUSZ;5900497300339;-0.11;070302;23;0.330;202812;3.000
225;Przyprawy;3.50;2018-11-10;szt;PRZYPRAWA KAMIS PIEPRZ ZIOŁOWY 15g;5900084013017;0.88;120708;8;0.015;202821;2.000
226;Kawy rozpuszczalne;2.92;2018-11-10;szt;KAWA CAPP.MOKATE CZEK.ZE STR.110g;5902891280224;0.33;120802;23;0.110;202829;1.000
227;Napoje gazowane inne;1.83;2018-11-10;szt;NAPÓJ SPRITE GAZ.330ml PUSZKA;5449000014535;0.73;070301;23;0.330;202830;1.000
228;Napoje gazowane inne;2.75;2018-11-10;szt;NAPÓJ MIRINDA ORANGE 330ml PUSZKA;5900497330336;-0.07;070301;23;0.330;202849;2.000
229;Cukierki pakowane;6.65;2018-11-10;szt;JAJKO KINDER NIESPODZIANKA UNI 20 g;40084107;2.31;121105;23;0.020;202876;2.000
230;Kawy rozpuszczalne;2.92;2018-11-10;szt;KAWA CAPP.MOKATE WANIL.ZE STR.110g;5902891280217;-0.13;120802;23;0.110;202887;1.000
231;Bombonierki;19.59;2018-11-10;szt;BOMBONIERKA ROCHER  FERRERO 200g;8000500003787;4.52;121102;23;0.200;202925;1.000
232;Płatki śniadaniowe;3.00;2018-11-10;szt;PŁATKI OWSIANE 500g STOISŁAW;5900563000088;1.22;120303;5;0.500;202944;1.000
233;Cukierki pakowane;7.68;2018-11-10;szt;CUKIERKI MINTIES MIĘTOWE 90g GOPLANA;5900352007816;2.08;121105;23;0.090;202950;5.000
234;Śmietany;4.75;2018-11-10;szt;ŚMIETANKA UHT ŁACIATA 18% 500 ml;5900820000448;1.06;060805;5;0.500;203023;1.000
235;Warzywa konserwowe;2.74;2018-11-10;szt;SELER CIĘTY ROLNIK 370ML;5900919000090;0.58;120711;8;0.160;203033;1.000
236;Woda;1.54;2018-11-10;szt;WODA ŻYWIEC ZDRÓJ N/G 1,5l;5900541000000;0.25;070101;23;1.500;203043;1.000
237;Woda;10.76;2018-11-10;szt;WODA ŻYWIEC ZDRÓJ GAZ.1,5l;5900541000017;1.73;070101;23;1.500;203057;7.000
238;Mixy;18.14;2018-11-10;szt;MIX ŁACIATY 200 g;5900820000233;5.69;060304;5;0.200;203059;3.000
239;Woda;1.50;2018-11-10;szt;WODA ŻYWIEC ZDRÓJ N/G 500ml;5900541000062;0.53;070101;23;0.500;203070;1.000
240;Wódka;32.51;2018-11-10;szt;WÓDKA FINLANDIA 40% 700ml;6412709021776;3.25;010405;23;0.700;203095;1.000
241;Śmietany;1.51;2018-11-10;szt;ŚMIETANA PIĄTNICA 18% 200g KUBEK;5900531001031;0.16;060805;5;0.200;203138;1.000
242;Piwo w puszce;4.54;2018-11-10;szt;PIWO WARKA JASNE PEŁNE 500ml PUSZ;5902746320020;0.16;010302;23;0.500;203162;2.000
243;Margaryna kulinarna;3.79;2018-11-10;szt;MARGARYNA PALMA BIELMAR 250g.;5900229010215;0.43;060301;5;0.250;203223;2.000
244;Desery, serki, kefiry;7.11;2018-11-10;szt;MAŚLANKA WŁOSZCZOWA NATURALNA 1l BUT.;5901005001625;0.57;060801;5;1.000;203239;3.000
245;Cukierki pakowane;1.37;2018-11-10;szt;DRAŻE SKAWA ŚMIETANKOWE 70g;5902978002374;0.38;121105;23;0.070;203270;1.000
246;Ciastka;2.59;2018-11-10;szt;BISZKOPTY WROCŁAWSKIE MAMUT 120g;5900697025063;0.61;121104;23;0.120;203306;1.000
247;Sery pleśniowe pakowane;8.33;2018-11-10;szt;SER VALBON CAMEMBERT HOCHLAND 180g;3077200116364;2.00;060201;5;0.180;203340;1.000
248;Wódka;41.22;2018-11-10;szt;WÓDKA SOPLICA 40% 500ml;5900471025319;8.64;010405;23;0.500;203345;2.000
249;Marynaty i sałatki rybne pakowane;7.32;2018-11-10;szt;FILETY ŚLEDZIOWE PO GIŻYCKU SEKO 220g;5902353001329;3.30;060604;5;0.220;203360;1.000
250;Sosy mokre;6.25;2018-11-10;szt;MAJONEZ WINIARY DEKORACYJNY 400ML;5900085011012;2.09;120709;8;0.400;203374;1.000
251;Sosy mokre;9.95;2018-11-10;szt;MAJONEZ WINIARY DEKORACYJNY 700ML;5900085011029;3.74;120709;8;0.700;203375;1.000
252;Zupy;1.84;2018-11-10;szt;ZUPA WINIARY ŻUREK STANDARD 49g;5900085010114;0.40;120712;8;0.049;203384;1.000
253;Sosy w proszku;5.81;2018-11-10;szt;SOS WINIARY PIECZENIOWY STAND.JASNY 27g;5900085009958;1.46;120710;8;0.027;203388;3.000
254;Sosy w proszku;5.81;2018-11-10;szt;SOS WINIARY PIECZENIOWY STAND.CIEMNY.30g;7613033042898;2.48;120710;8;0.030;203389;3.000
255;Soki, nektary, inne napoje niegazowane;1.99;2018-11-10;szt;SOK KUBUŚ MAR-JABŁ-MALIN 300ml BUT SZKL;5901067447027;0.49;070305;5;0.300;203401;1.000
256;Sosy mokre;2.93;2018-11-10;szt;MUSZTARDA ROLESKI KREMSKA 180ML;2100069000909;-1.89;120709;23;0.180;203404;4.000
257;Kawy mielone;31.66;2018-11-10;szt;KAWA MIELONA WOSEBA MOCCA GOLD FIX 250g.;5901123000036;3.52;120801;23;0.250;203433;6.000
258;Kawy mielone;3.24;2018-11-10;szt;KAWA MIELONA WOSEBA MOCCA GOLD FIX 100g;5901123000050;0.89;120801;23;0.100;203434;1.000
259;Warzywa konserwowe;7.31;2018-11-10;szt;SAŁATKA BABUNI WIELOWARZYWNA ORZECH 670 g;5906013001179;1.87;120711;8;0.380;203460;2.000
260;Warzywa konserwowe;3.38;2018-11-10;szt;SAŁATKA KRÓLEWSKA Z PAPRYKĄ ORZECH 670g;5906013001254;0.87;120711;8;0.370;203462;1.000
261;czekolady;2.27;2018-11-10;szt;CZEKOLADA WAWEL GORZKA KRAKOWSKA 100g;5900102312610;0.42;121106;23;0.100;203476;1.000
262;Desery w proszku;1.55;2018-11-10;szt;KISIEL SŁODKA CHWILA TRUSKAWKOWY 30g;5900437037035;0.56;120902;8;0.030;203481;1.000
263;Szampony i odżywki;9.55;2018-11-10;szt;SZAMPON FRUCTIS PRZECIW ŁUPIEŻOWY 2w1 250ML;3600542061070;4.14;020212;23;0.250;203486;1.000
264;Soki, nektary, inne napoje niegazowane;4.94;2018-11-10;szt;SOK TYMBARK MULTIWITAMINA 1l KRT;5900334013378;2.21;070305;5;1.000;203504;1.000
265;Piwo w butelce;12.15;2018-11-10;szt;PIWO ŻYWIEC 500ml BUT.ZWR.;5901559130000;2.20;010301;23;0.500;203505;5.000
266;Ciastka;4.15;2018-11-10;szt;ROGALIK CHIPICAO THE DOG 60g;5201360521005;1.27;121104;23;0.060;203521;2.000
267;Sosy w proszku;3.14;2018-11-10;szt;FIX WINIARY POMYSŁ NA SPAGHETTI BOLOGNESE 44g;5900085011586;0.77;120710;8;0.044;203551;1.000
268;Sosy mokre;3.14;2018-11-10;szt;KETCHUP TORTEX ŁAGODNY 250g;5900300545636;0.75;120709;8;0.250;203569;1.000
269;Soki, nektary, inne napoje niegazowane;1.51;2018-11-10;szt;NAPÓJ TYMBARK WIŚNIOWO-JABŁKOWY 250ml BUT;5900334000880;0.37;070305;5;0.250;203654;1.000
270;Wędliny pakowane;15.20;2018-11-10;szt;PARÓWKI BERLINKI CLASSIC MORLINY 250g;5900567001746;1.76;060605;5;0.250;203656;4.000
271;Mixy;2.85;2018-11-10;szt;MIX EKSTRA PASŁĘCKI 200g;5902711900660;0.50;060304;5;0.200;203688;1.000
272;Herbaty pozostałe;3.69;2018-11-10;szt;NAPÓJ HERBACIANY EKLAND OWOCE LEŚNE 300g;5900909000598;0.67;120602;8;0.300;203694;1.000
273;Soki, nektary, inne napoje niegazowane;3.80;2018-11-10;szt;NAPÓJ CAPRIO PLUS JABŁKOWY 2l;5900334013545;1.07;070305;5;2.000;203696;1.000
274;Śmietany;12.38;2018-11-10;szt;ŚMIETANA PIĄTNICA 18% 400g KUBEK;5900531001130;1.62;060805;5;0.400;203708;4.000
275;Woda;1.86;2018-11-10;szt;WODA AQUA NATURALNA ŹRÓDLANA N/G 5l;5908235940120;0.55;070101;23;5.000;203720;1.000
276;Margaryna kulinarna;4.26;2018-11-10;szt;MARGARYNA NIEZBĘDNA 60% KOSTKA 250 g;5908235940168;0.90;060301;5;0.250;203744;3.000
277;Napoje typu cola;2.84;2018-11-10;szt;NAPÓJ PEPSI COLA 500ml PET;5900497310505;0.69;070302;23;0.500;203791;1.000
278;Piwo w butelce;7.32;2018-11-10;szt;PIWO PIAST WROCŁAWSKI 500ml BUT.ZWR.;5900940002018;1.12;010301;23;0.500;203842;4.000
279;Piwo w butelce;5.12;2018-11-10;szt;PIWO DĘBOWE MOCNE 500ml BUT.ZWR.;5901359412016;1.06;010301;23;0.500;203845;2.000
280;Desery, serki, kefiry;3.38;2018-11-10;szt;MAŚLANKA MRĄGOWSKA NATURALNA 1L;5900820001506;0.87;060801;5;1.000;203891;1.000
281;dżemy;2.25;2018-11-10;szt;DŻEM TRUSKAWKOWY SŁONECZNY OGRÓD 280g;5908235940564;0.45;120301;8;0.280;203946;1.000
282;Konserwy mięsne;2.66;2018-11-10;szt;KONS.GOSPODARSKA TURYSTYCZNA 300g;5908235940786;0.77;120703;5;0.300;203994;1.000
283;Sosy mokre;5.83;2018-11-10;szt;MUSZTARDA ROLESKI SAREPSKA 175g;5901044003611;1.66;120709;23;0.175;203995;3.000
284;Sosy mokre;1.94;2018-11-10;szt;MUSZTARDA ROLESKI CHRZANOWA 180ML;5901044003604;0.54;120709;23;0.180;203996;1.000
285;Olej;3.32;2018-11-10;szt;OLEJ NIEZBĘDNY 500 ml;5908235940854;0.69;060305;5;0.500;204009;1.000
286;Napoje gazowane inne;23.50;2018-11-10;szt;NAPÓJ HELLENA ORANŻADA ŻÓŁTA GAZ.1,25l;5900352008714;7.30;070301;23;1.250;204045;10.000
287;Detergenty do prania;6.01;2018-11-10;szt;PŁYN DO PŁUKANIA E SATYNOWY DOTYK KONCENTRAT 1l;9000100949385;1.68;020601;23;1.000;204084;1.000
288;Przyprawy;7.19;2018-11-10;szt;PRZYPRAWA WINIARY DO ZUP SOSÓW I SAŁATEK 210g;5900862213530;1.73;120708;8;0.210;204097;3.000
289;Sosy w proszku;2.58;2018-11-10;szt;FIX KNORR DO GULASZU 51 g;5900300512331;0.53;120710;8;0.051;204111;1.000
290;Przyprawy;12.31;2018-11-10;szt;PRZYPRAWA KUCHAREK UNIWERSALNA DO POTRAW 500g;5901135000468;2.99;120708;8;0.500;204214;2.000
291;Piwo w puszce;2.48;2018-11-10;szt;PIWO HARNAŚ 500ml PUSZ;5900014004245;0.93;010302;23;0.500;204267;1.000
292;Sosy w proszku;2.96;2018-11-10;szt;SOS KNORR SAŁATKOWY GRECKI 9g;8714100855263;1.34;120710;8;0.009;204271;2.000
293;Piwo w butelce;1.91;2018-11-10;szt;PIWO ŻUBR 500ml BUT.ZWR.;5900877000248;0.40;010301;23;0.500;204275;1.000
294;Wódka;9.23;2018-11-10;szt;WÓDKA SOPLICA 40% 200ml;5900471022318;1.94;010405;23;0.200;204318;1.000
295;Piwo w butelce;55.30;2018-11-10;szt;PIWO TYSKIE GRONIE 500ml BUT.ZWR.;5901359000367;8.26;010301;23;0.500;204324;28.000
296;Soki, nektary, inne napoje niegazowane;2.23;2018-11-10;szt;NAPÓJ TYMBARK WIŚNIOWO-JABŁKOWY 500ml BUT;5900334000286;0.44;070305;5;0.500;204331;1.000
297;Twarogi pakowane;1.61;2018-11-10;szt;SEREK DO CHLEBA WŁOSZCZOWA Z PAPRYK.100g;5901005004121;0.23;060204;5;0.100;204347;1.000
298;Desery, serki, kefiry;2.05;2018-11-10;szt;KEFIR WŁOSZCZOWA 400g BUTELKA;5901005001335;0.52;060801;5;0.400;204351;1.000
299;Twarogi pakowane;3.90;2018-11-10;szt;TWARÓG PÓŁTŁUSTY KLINEK 250g;5900531004018;0.71;060204;5;0.250;204376;1.000
300;Dodatki do ciast;7.28;2018-11-10;szt;DROŻDŻE PIEKARSKIE 100g;5903876553012;3.78;120903;23;0.100;204385;5.000
301;Piwo w butelce;139.14;2018-11-10;szt;PIWO HARNAŚ 500ml BUT.ZWR.;5900014002180;21.32;010301;23;0.500;204401;86.000
302;Piwo w puszce;3.54;2018-11-10;szt;PIWO REDD'S MALINA I GRANAT 500ml PUSZ;5901359332031;1.38;010302;23;0.500;204465;1.000
303;Mixy;2.52;2018-11-10;szt;OSEŁKA ŚNIADANIOWA 270g;5907616900098;0.52;060304;5;0.270;204556;1.000
304;Warzywa konserwowe;2.55;2018-11-10;szt;KUKURYDZA KONS.JAMAR 400g;5906716200848;0.81;120711;8;0.220;204564;1.000
305;makaron;5.68;2018-11-10;szt;MAKARON EKO-MAK ŚLĄSKI 250g;5904072020308;1.04;121003;5;0.250;204574;4.000
306;Sosy w proszku;13.66;2018-11-10;szt;FIX KNORR DO SCHABU A LA STROGONOFF 56 g;5900300512317;3.41;120710;8;0.056;204582;5.000
307;Zupy;3.13;2018-11-10;szt;ZUPA KNORR ŻUREK DOMOWY 42g;8718114706115;0.35;120712;8;0.042;204587;2.000
308;Twarogi pakowane;10.24;2018-11-10;szt;TWARÓG NA SERNIK WŁOSZCZOWA 1kg WIADERKO;5901005004206;2.49;060204;5;1.000;204638;1.000
309;Piwo w butelce;2.27;2018-11-10;szt;PIWO ŁOMŻA JASNE 500ml BUT.BZW.;5903538900628;0.49;010301;23;0.500;204646;1.000
310;Woda;9.71;2018-11-10;szt;WODA KROPLA BESKIDU N/G 1,5l;5449000114082;3.47;070101;23;1.500;204664;6.000
311;Przyprawy;3.41;2018-11-10;szt;PRZYPRAWA PRYMAT PAPRYKA SŁODKA 20g;5901135000437;1.97;120708;23;0.020;204668;2.000
312;Przyprawy;4.51;2018-11-10;szt;PRZYPRAWA PRYMAT PIEPRZ CZARNY MIEL.20g;5901135000376;1.42;120708;23;0.020;204670;3.000
313;Przyprawy;3.22;2018-11-10;szt;PRZYPRAWA PRYMAT DO KURCZAKA 30g;5901135000321;0.16;120708;8;0.030;204674;3.000
314;Ciastka;2.27;2018-11-10;szt;CIASTKA DELICJE SZAMPAŃSKIE POMAR.147 g;5906747308438;-0.25;121104;23;0.147;204695;1.000
315;Ciastka;2.27;2018-11-10;szt;CIASTKA DELICJE SZAMPAŃSKIE MALINOWE 147 g;5906747308490;0.25;121104;23;0.147;204696;1.000
316;Woda;1.91;2018-11-10;szt;WODA KROPLA BESKIDU N/G 500ml;90343766;0.69;070101;23;0.500;204699;1.000
317;Woda;1.37;2018-11-10;szt;WODA MUSZYNA CECHINI ŚREDNIONASYCONA 2l;5903427830098;-0.03;070101;23;2.000;204726;1.000
318;Mleko UHT;12.90;2018-11-10;szt;MLEKO UHT 3,2% MLECZNA ZAGRODA 1l KAR;5908235956329;1.02;060804;5;1.000;204763;6.000
319;Soki, nektary, inne napoje niegazowane;2.85;2018-11-10;szt;NAPÓJ NAPPI JABŁKO-WIŚNIA 2l KAR.;5908235942209;0.50;070305;5;2.000;204880;1.000
320;Piwo w butelce;2.80;2018-11-10;szt;PIWO KARMI CLASSIC 400ml BUT.BZW.;5900014002227;0.76;010301;23;0.400;204892;1.000
321;Przekąski;5.84;2018-11-10;szt;PALUSZKI AKSAM BESKIDZKIE Z SOLĄ 300g;5907029000040;0.52;120101;23;0.300;204906;2.000
322;Przekąski;1.29;2018-11-10;szt;PALUSZKI AKSAM BESKIDZKIE Z SOLĄ 70g;5907029000019;0.49;120101;23;0.070;204907;1.000
323;Soki, nektary, inne napoje niegazowane;0.66;2018-11-10;szt;NAPÓJ SMAKOTEK POMARAŃCZA 200ml KAR;5908235942346;0.21;070305;5;0.200;204911;1.000
324;Sosy mokre;1.66;2018-11-10;szt;CHRZAN TARTY SMAKAMI 170 g;5908235942483;0.38;120709;8;0.170;204931;1.000
325;Soki, nektary, inne napoje niegazowane;4.66;2018-11-10;szt;SOK TYMBARK JABŁKO 100% 1l PET;5900334005939;1.14;070305;5;1.000;205015;1.000
326;Twarogi pakowane;6.46;2018-11-10;szt;TWARÓG MAZURSKI PÓŁTŁ.MLEKPOL 275g;5900820005733;0.52;060204;5;0.275;205018;2.000
327;Karma dla kotów;5.97;2018-11-10;szt;KARMA WHISKAS DLA KOTA Z KURCZAKIEM 400g;5900951020889;1.58;130102;8;0.400;205095;1.000
328;Pieczywo - Bułka tarta;2.18;2018-11-10;szt;BUŁKA TARTA  ZŁOTY ŁAN 500g;5908235942704;0.55;100202;5;0.500;205140;1.000
329;farmacja;1.99;2018-11-10;szt;TABLETKI APAP x2;5909990296019;0.75;030401;8;2.000;205151;1.000
330;Przyprawy;1.75;2018-11-10;szt;PRZYPRAWA KAMIS DO GYROSA 30g;5900084204873;0.44;120708;8;0.030;205210;1.000
331;Konserwy rybne;4.47;2018-11-10;szt;MAKRELA W SOSIE POMIDOROWYM GRAAL 300 g;5903895039504;1.09;120704;5;0.300;205212;1.000
332;Podpaski;6.99;2018-11-10;szt;WKŁADKI HIGIENICZNE NATURELLA 20SZT;4015400240310;1.99;020805;8;20.000;205214;2.000
333;Gumy do żucia;1.90;2018-11-10;szt;GUMA ORBIT APPLE DRAŻE 14g;50173471;0.50;121107;8;0.014;205275;1.000
334;Gumy do żucia;1.84;2018-11-10;szt;GUMA WINTERFRESH DRAŻE 15,5g;50173419;0.44;121107;8;0.014;205276;1.000
335;dżemy;2.40;2018-11-10;szt;DŻEM WIŚNIOWY SŁONECZNY OGRÓD 280g;5908235942889;0.60;120301;8;0.280;205291;1.000
336;Ciastka;3.22;2018-11-10;szt;WAFEL PRINCESSA LONGA KOKOSOWA 44 g;5900862024570;-0.74;121104;23;0.044;205303;4.000
337;Desery, serki, kefiry;2.37;2018-11-10;szt;JOGURT DANONE FANTASIA Z CZEKOLADĄ MLECZNĄ 110g;59030133;1.06;060801;5;0.110;205338;1.000
338;Desery w proszku;1.62;2018-11-10;szt;GALARETKA DR.OETKER MALINOWA 77 g;5900437034126;0.72;120902;8;0.077;205398;1.000
339;makaron;10.65;2018-11-10;szt;MAKARON CZANIECKI SWOJSKI GNIAZDKO NR2 500 g;5901841000363;1.65;121003;5;0.500;205600;2.000
340;makaron;2.85;2018-11-10;szt;MAKARON CZANIECKI ŚWIDERKI 250g;5901841000042;0.62;121003;5;0.250;205604;1.000
341;Detergenty do zmywania;6.30;2018-11-10;szt;SÓL DO ZMYWAREK LUDWIK 1,5kg;5900861242227;1.90;020701;23;1.500;205630;1.000
342;Śmietany;12.51;2018-11-10;szt;ŚMIETANA UHT ŁACIATA 30% 500 ml;5900820000455;1.27;060805;5;0.500;205676;2.000
343;szkoła;2.15;2018-11-10;szt;KLEJ SUPER GLUE TREDOR 2 g;5906554509011;0.65;110205;23;1.000;205700;1.000
344;makaron;3.42;2018-11-10;szt;MAKARON LUBELLA ŁAZANKA 500 g;5900049003466;0.69;121003;5;0.500;205712;1.000
345;Twarogi pakowane;14.26;2018-11-10;szt;SER FAVITA MLEKOVITA NIEB.18% 270g;5900512700014;4.51;060204;5;0.270;205784;3.000
346;Karma dla psów;4.49;2018-11-10;szt;KARMA PEDIGREE DLA PSA DENTASTIX 77g;5998749104392;1.18;130103;8;0.077;205825;1.000
347;Pasztety;3.61;2018-11-10;szt;PASZTET PROFI DROBIOWY Z POMID.250g;5901696001058;0.94;120706;5;0.250;205850;1.000
348;Twarogi pakowane;7.60;2018-11-10;szt;TWARÓG PIĄTNICA WIEJSKI LEKKI 250g;5900531004049;1.26;060204;5;0.250;205971;2.000
349;Ciastka;6.90;2018-11-10;szt;WAFLE KAKAOWE SKAWA 500g;5902978060435;1.58;121104;23;0.500;205976;1.000
350;Zupy;1.94;2018-11-10;szt;ZUPA AMINO OGONOWA 57g;5900300545094;0.48;120712;8;0.057;206023;1.000
351;Whisky;32.51;2018-11-10;szt;WHISKY JOHNNIE WALKER RED 40% 500ml;5000267014401;4.67;010404;23;0.500;206046;1.000
352;Sery pleśniowe pakowane;5.00;2018-11-10;szt;SER TUREK AKSAM.CAMEMBERT BOROWIK 120g;5901390116126;2.03;060201;5;0.120;206145;1.000
353;Znicze;3.07;2018-11-10;szt;WKŁAD P-100 100G/24H ZNICZPLAST;5905133710329;1.17;110206;23;1.000;206205;2.000
354;Znicze;20.12;2018-11-10;szt;WKŁAD P-150 150G/40H ZNICZPLAST;5905133710336;8.24;110206;23;1.000;206206;9.000
355;Znicze;46.95;2018-11-10;szt;WKŁAD P-220 220G/60H ZNICZPLAST;5905133710350;18.60;110206;23;1.000;206208;15.000
356;Piwo w puszce;8.94;2018-11-10;szt;PIWO ŻYWIEC 4x500ml PUSZ;5901559146001;1.17;010302;23;2.000;206233;1.000
357;Masło;12.18;2018-11-10;szt;MASŁO EXTRA OSEŁKA GÓRSKA SOBIK 300g;5907809372329;2.64;060303;5;0.300;206238;1.000
358;Sery żółte pakowane;7.00;2018-11-10;szt;SER CORREGIO PRESI TARTY PARM.100g;5906207050068;2.01;060203;5;0.100;206409;1.000
359;Bakalie pakowane;7.59;2018-11-10;szt;WIÓRKI KOKOSOWE KRESTO 100g;5902451018106;1.89;120901;8;0.100;206601;3.000
360;Soki, nektary, inne napoje niegazowane;9.40;2018-11-10;szt;NAPÓJ TYMBARK WIŚNIA-JABŁKO ASEPTIC  2l PET;5900334006233;1.06;070305;5;2.000;206695;3.000
361;Mleko świeże;6.26;2018-11-10;szt;MLEKO POLSKIE MLEKOVITA 3,2% 1l BUTELKA;5900512850016;0.65;060803;5;1.000;206707;3.000
362;Mleko świeże;5.43;2018-11-10;szt;MLEKO POLSKIE MLEKOVITA 2% 1l BUTELKA;5900512850023;1.81;060803;5;1.000;206708;2.000
363;Batony;2.43;2018-11-10;szt;BATON KINDER MAXI KING 35g;4008400553023;0.73;121101;23;0.035;206781;1.000
364;Piwo w puszce;40.61;2018-11-10;szt;PIWO TATRA JASNE PEŁNE 4x500ml PUSZ;5901559846000;7.46;010302;23;2.000;206833;5.000
365;Wódka;15.28;2018-11-10;szt;WÓDKA ŻYTNIÓWKA 40% 500ml;5900343001694;1.85;010405;23;0.500;206898;1.000
366;Konserwy mięsne;6.71;2018-11-10;szt;KONSERWA GULASZ ANGIELSKI KRAKUS 300g;5900244010030;2.48;120703;5;0.300;206971;1.000
367;Woda;1.83;2018-11-10;szt;WODA ŻYWIEC ZDRÓJ LEKKO GAZ.1,5l;5900541000499;0.62;070101;23;1.500;207045;1.000
368;Soki, nektary, inne napoje niegazowane;9.40;2018-11-10;szt;NAPÓJ TYMBARK JABŁKO-BRZOSKWINIA ASEPTIC 2l PET;5900334006264;0.17;070305;5;2.000;207058;3.000
369;golenie;10.19;2018-11-10;szt;GOLARKA POLSILVER 2 HRDC;5901464411294;2.56;020203;23;1.000;207077;7.000
370;golenie;5.19;2018-11-10;szt;GOLARKA BLUE II PLUS JEDNOCZ.;3014260265885;1.29;020203;23;1.000;207078;2.000
371;Soki, nektary, inne napoje niegazowane;0.66;2018-11-10;szt;NAPÓJ SMAKOTEK MULTIWITAMINA 200ml KAR;5908235943381;0.18;070305;5;0.200;207122;1.000
372;Mydła;2.67;2018-11-10;szt;MYDŁO W PŁYNIE SAFINA MLEKO I MIÓD 500ML DOZ;5908235943510;0.75;020205;23;0.500;207234;1.000
373;Napoje typu Izotoniki, energetyki;6.46;2018-11-10;szt;NAPÓJ ENERGET.V-MAX CLASSIC 250ml PUSZ;5908235943534;1.76;070304;23;0.250;207239;5.000
374;Przyprawy;2.84;2018-11-10;szt;PRZYPRAWA PRYMAT PIEPRZ CZARNY MIEL.50g;5901135011624;0.68;120708;23;0.050;207444;1.000
375;Piwo w puszce;48.74;2018-11-10;szt;PIWO TYSKIE GRONIE 4x500ml PUSZ;5901359000176;5.84;010302;23;2.000;207706;5.000
376;Piwo w puszce;29.24;2018-11-10;szt;PIWO ŻUBR 4x500ml PUSZ;5901359272214;5.81;010302;23;2.000;207707;3.000
377;Wódka;15.44;2018-11-10;szt;WÓDKA ŻOŁĄDKOWA CZYSTA DE LUXE 40% 500ml;5902573004261;1.55;010405;23;0.500;207878;1.000
378;Produkty z pomidorów;1.83;2018-11-10;szt;KONCENTRAT POMID.30% SŁONECZNY OGRÓD 80 g;5908235943947;0.37;120707;8;0.080;208074;2.000
379;Mleko UHT;2.85;2018-11-10;szt;NAPÓJ MLECZNY ZOTT MONTE DRINK BUT.200ml;4014500041780;0.70;060804;5;0.200;208094;1.000
380;Soki, nektary, inne napoje niegazowane;2.28;2018-11-10;szt;NAPÓJ KUBUŚ PLAY MARCHEWKA-TRUSKAWKA-LIMONKA 400ml;5901067460019;0.58;070305;5;0.400;208105;1.000
381;Przekąski;17.69;2018-11-10;szt;CHIPSY LAY'S FROMAGE 225 g;5900259013248;4.99;120101;8;0.225;208208;2.000
382;Przekąski;2.56;2018-11-10;szt;CHRUPKI CHEETOS KETCHUP 85g;5900259353276;0.60;120101;5;0.085;208234;1.000
383;Przekąski;2.56;2018-11-10;szt;CHRUPKI CHEETOS PIZZERINI 85g;5900259028945;0.60;120101;5;0.085;208235;1.000
384;Ciastka;4.59;2018-11-10;szt;ROGALIKI MINI KAKAOWE 185g;5201360543205;1.08;121104;23;0.185;208253;1.000
385;Desery, serki, kefiry;7.77;2018-11-10;szt;DESER MONTE ZOTT CZEKOLADA 6x55 g;4014500043326;3.42;060801;8;0.330;208298;1.000
386;Masło;23.89;2018-11-10;szt;MASŁO EXTRA MLEKOVITA POLSKIE 200g;5900512300108;4.73;060303;5;0.200;208343;4.000
387;Soki, nektary, inne napoje niegazowane;1.32;2018-11-10;szt;NAPÓJ LEON JABŁKO-TRUSKAWKA-JAGODA 200ml;5900500027505;0.24;070305;5;0.200;208366;1.000
388;Piwo w butelce;10.12;2018-11-10;szt;PIWO DESPERADOS 400ml BUT.BZW.;5901559950073;1.96;010301;23;0.400;208370;3.000
389;Śmietany;3.80;2018-11-10;szt;ŚMIETANA UHT ŁACIATA 30% 250 ml;5900820008079;1.10;060805;5;0.250;208488;1.000
390;Śmietany;2.66;2018-11-10;szt;ŚMIETANA UHT ŁACIATA 18% 250 ml;5900820008062;0.84;060805;5;0.250;208489;1.000
391;Warzywa konserwowe;2.77;2018-11-10;szt;KUKURYDZA KONSERWOWA DAWTONA 400g;5901713001795;1.13;120711;8;0.220;208603;1.000
392;Ciastka;2.92;2018-11-10;szt;HERBATNIKI PETIT BEURE 220g;5901414202415;0.67;121104;23;0.220;208621;1.000
393;Cukierki pakowane;7.93;2018-11-10;szt;ŻELKI ZOZOLE RAINBOW MIESZKO 75g;5900353700211;2.35;121105;23;0.075;208666;3.000
394;Piwo w puszce;19.41;2018-11-10;szt;PIWO HARNAŚ 4x500ml PUSZ;5900014014091;-4.56;010302;23;2.000;208692;3.000
395;Mleko UHT;6.57;2018-11-10;szt;MLEKO SMAKOWE MULLER KOKOS PISTACJA 400ml;4025500132446;2.69;060804;5;0.400;208896;2.000
396;Mleko UHT;3.29;2018-11-10;szt;MLEKO SMAKOWE MULLER BANAN 400ml;4025500135614;0.65;060804;5;0.400;208898;1.000
397;Soki, nektary, inne napoje niegazowane;2.37;2018-11-10;szt;NEKTAR BAHAMA Z CZARNYCH PORZECZEK 1l;5908235944630;0.62;070305;5;1.000;209007;1.000
398;Soki, nektary, inne napoje niegazowane;7.03;2018-11-10;szt;SOK BAHAMA POMARAŃCZA 1l KAR;5908235944791;1.29;070305;5;1.000;209051;2.000
399;Wódka;0.00;2018-11-10;szt;WÓDKA ŻOŁĄDKOWA CZYSTA DE LUXE 40% 100ml;5902573004322;0.00;010405;23;0.100;209125;0.000
400;Piwo w butelce;5.67;2018-11-10;szt;PIWO HEINEKEN 500ml BUT.BZW.;5901559951162;0.87;010301;23;0.500;209195;2.000
401;Przekąski;4.53;2018-11-10;szt;CRACKER PRAŻYNKA FELIX 120g;5900073020262;2.07;120101;8;0.120;209211;1.000
402;Piwo w puszce;8.10;2018-11-10;szt;PIWO OKOCIM JASNE OKOCIMSKIE 4X500ml PUSZ;5900014014176;0.90;010302;23;2.000;209320;1.000
403;Warzywa konserwowe;4.40;2018-11-10;szt;BURACZKI ZASMAŻANE PROVITUS 480g;5900580001846;1.12;120711;8;0.480;209351;1.000
404;Marynaty i sałatki rybne pakowane;1.67;2018-11-10;szt;SAŁATKI KUCHNIE ŚWIAT.DEGA MIX SMAK.150 g;5902186000148;0.37;060604;5;0.150;209444;1.000
405;Piwo w puszce;8.75;2018-11-10;szt;PIWO HEINEKEN 4x500ml PUSZ;5901559949237;0.79;010302;23;2.000;209479;1.000
406;farmacja;12.08;2018-11-10;szt;TABLETKI STREPSILS INTENSIVE x8;5909990422678;3.63;030401;8;8.000;209537;1.000
407;Ciastka;8.93;2018-11-10;szt;PIERNIKI DESSIMO HSB W CZEKOLADZIE 400g;5908235945071;1.97;121104;23;0.400;209550;2.000
408;Ciastka;2.02;2018-11-10;szt;CIASTKA DESSIMO Z KAWAŁKAMI CZEKOLADY 120 g;5908235945538;0.57;121104;23;0.120;209739;1.000
409;Whisky;46.33;2018-11-10;szt;WHISKY GRANTS BLENDED 40% 1l;5010327000497;-0.66;010404;23;1.000;209743;1.000
410;Whisky;66.66;2018-11-10;szt;WHISKY BALLANTINE'S FINEST 40% 1l;5010106111956;18.23;010404;23;1.000;209879;1.000
411;Wódka;19.50;2018-11-10;szt;WÓDKA STOCK PRESTIGE 40% 500ml;5902573004551;2.68;010405;23;0.500;209887;1.000
412;Warzywa konserwowe;2.77;2018-11-10;szt;MIESZANKA WARZYW MARCHEW GROSZEK KUKUR. SŁ.OGRÓD 470 g;5908235945675;0.72;120711;8;0.282;209919;1.000
413;Warzywa konserwowe;1.84;2018-11-10;szt;KUKURYDZA KONS.SŁONECZ.OGRÓD 400g;5908235945712;0.36;120711;8;0.220;209921;1.000
414;Gumy do żucia;3.42;2018-11-10;szt;GUMA ORBIT DLA DZIECI CLASSIC X15 LIST 39g;42189008;0.89;121107;8;0.039;209926;1.000
415;Wędliny pakowane;11.40;2018-11-10;szt;PARÓWKI BERLINKI Z SEREM MORLINY 250g;5900567001517;1.32;060605;5;0.250;209999;3.000
416;Konserwy rybne;2.05;2018-11-10;szt;PAPRYKARZ SZCZECIŃSKI DEGA 135g;5901960048161;0.83;120704;5;0.135;210112;1.000
417;dżemy;6.66;2018-11-10;szt;MIÓD LIPOWY BAŚNIOWA PASIEKA 220 g;5908235946016;2.01;120301;5;0.220;210131;1.000
418;Chusteczki i ręczniki;3.24;2018-11-10;szt;RĘCZNIK PAPIEROWY CELUL.3 WARSTW.MEA X2;5908235946115;0.86;020801;23;2.000;210148;1.000
419;Chusteczki i ręczniki;2.11;2018-11-10;szt;CHUSTECZKI HIG. MEA 3W A10x10;5908235948652;0.52;020801;23;10.000;210149;1.000
420;Środki do czyszczenia;6.50;2018-11-10;szt;KOSTKA DO WC DOMESTOS 55g POWER 5 LIME;8712561796972;1.97;020501;23;1.000;210175;1.000
421;Cukier;5.27;2018-11-10;szt;CUKIER TRZCINOWY DIAMANT DEMERARA 500g;5907069000406;1.30;121001;8;0.500;210179;1.000
422;Lizaki;5.41;2018-11-10;szt;LIZAK CHUPA CLASSIC OWOCOWE 12g;8410031923605;2.75;121108;23;120.000;210202;7.000
423;Wędliny pakowane;3.19;2018-11-10;szt;KABANOS EXCLUSIVE WIEPRZ.GO 50g;5908230514340;0.68;060605;5;0.050;210232;1.000
424;Wędliny pakowane;3.19;2018-11-10;szt;KABANOS EXCLUSIVE DROB.GO 50g;5908230514357;1.01;060605;5;0.050;210233;1.000
425;Herbaty czarne;5.68;2018-11-10;szt;HERBATA EXP.TETLEY EVERYD.EARL GREY 16g 100T;5014328080755;0.62;120601;23;100.000;210251;1.000
426;Piwo w puszce;4.80;2018-11-10;szt;PIWO KASZTELAN N/PAST.500ml PUSZ;5903082205569;0.96;010302;23;0.500;210441;2.000
427;Twarogi pakowane;0.01;2018-11-10;szt;TWARÓG ŚMIETANKOWY PRESIDENT 1kg;5908275688587;-6.79;060204;5;1.000;210561;1.000
428;Kasza;3.41;2018-11-10;szt;KASZA KUKURYDZIANA 350g;5900617001153;0.53;121002;5;0.350;210649;2.000
429;Podpaski;7.18;2018-11-10;szt;PODPASKI NATURELLA MAXI PL.DUO ZE SKRZ.x16;4015400318026;2.18;020805;8;16.000;210723;1.000
430;makaron;2.33;2018-11-10;szt;MAKARON POL MAK KLUSKI 4-JAJ.TRAD.250 g;5908310960210;0.64;121003;5;0.250;210754;1.000
431;Soki, nektary, inne napoje niegazowane;3.13;2018-11-10;szt;NAPÓJ TYMBARK JABŁKOWO-WINOGRONOWY ASEPTIC 2l PET;5900334005465;0.35;070305;5;2.000;210785;1.000
432;Sery pleśniowe pakowane;4.47;2018-11-10;szt;SER CAMEMBERT PRESIDENT ZIOŁA PROW.120g;5906207580077;1.08;060201;5;0.120;210793;1.000
433;Wódka;15.44;2018-11-10;szt;WÓDKA KRUPNIK PREMIUM 40% 500ml;5900595004672;1.54;010405;23;0.500;210813;1.000
434;Wódka;22.76;2018-11-10;szt;WÓDKA KRUPNIK PREMIUM 40% 700ml;5900595004696;2.31;010405;23;0.700;210814;1.000
435;Kasza;2.09;2018-11-10;szt;KASZA MANNA  MELVIT 400g;5906827002607;0.34;121002;5;0.400;210907;1.000
436;makaron;4.14;2018-11-10;szt;MAKARON EKO-MAK ŚWIDEREK 1KG;5904072100512;0.63;121003;5;1.000;210949;1.000
437;makaron;4.14;2018-11-10;szt;MAKARON EKO-MAK NITKA CIENKA 1KG;5904072000393;0.63;121003;5;1.000;210951;1.000
438;makaron;7.86;2018-11-10;szt;MAKARON EKO-MAK LEON KUCHARZ 250g;5904072000546;1.71;121003;5;0.250;211096;5.000
439;Ciastka;5.57;2018-11-10;szt;WAFLE ŚMIETANKOWE SKAWA 500g;5902978060466;1.29;121104;23;0.500;211243;1.000
440;Wódka;16.24;2018-11-10;szt;WÓDKA KRUPNIK PREMIUM 40% 200ml;5900595004788;2.70;010405;23;0.200;211275;2.000
441;Sery żółte pakowane;6.65;2018-11-10;szt;SER ŻÓŁTY GOUDA MLECZNA ZAGRODA 150 g;5908235946559;1.23;060203;5;0.150;211377;2.000
442;Gumy do żucia;1.84;2018-11-10;szt;GUMA ORBIT WHITE SPEARMINT 14g DRAŻE;42113164;0.44;121107;8;0.014;211399;1.000
443;Przekąski;1.70;2018-11-10;szt;CHRUPKI KUKURYDZIANE TYGRYSKI TRUSKAWKOWE 70g;5908221100910;0.70;120101;5;0.070;211507;1.000
444;Wódka;21.46;2018-11-10;szt;WÓDKA ŻUBRÓWKA BISON GRASS 37,5% 500ml;5900343005272;6.83;010405;23;0.500;211528;1.000
445;Wódka;247.02;2018-11-10;szt;WÓDKA ŻUBRÓWKA BIAŁA 40% 500ml;5900343001892;24.78;010405;23;0.500;211648;16.000
446;Wódka;57.48;2018-11-10;szt;WÓDKA ŻUBRÓWKA BIAŁA 40% 700ml;5900343001915;12.10;010405;23;0.700;211649;2.000
447;Wódka;4.71;2018-11-10;szt;WÓDKA ŻUBRÓWKA BIAŁA 40% 100ml;5900343001816;0.93;010405;23;0.100;211664;1.000
448;Wódka;24.37;2018-11-10;szt;WÓDKA ŻUBRÓWKA BIAŁA 40% 200ml;5900343001854;4.30;010405;23;0.200;211665;3.000
449;Wódka;4.06;2018-11-10;szt;WÓDKA ŻYTNIÓWKA 40% 100ml;5900343001632;0.81;010405;23;0.100;211667;1.000
450;Wędliny pakowane;13.11;2018-11-10;szt;SALAMI DELIKATESOWE SOKOŁÓW 100g PLASTRY;5902310000679;2.76;060605;5;0.100;211676;3.000
451;Konserwy mięsne;6.81;2018-11-10;szt;KONS.KRAKUS BOCZEK WIEPRZOWY 300g;5900244000505;3.16;120703;5;0.300;211735;1.000
452;Przekąski;3.24;2018-11-10;szt;PALUSZKI AKSAM BESKIDZKIE SER. CEB.220g;5907029002150;0.60;120101;23;0.220;211759;1.000
453;Przekąski;3.39;2018-11-10;szt;PALUSZKI AKSAM BESKIDZKIE SER CEB.60g;5907029002259;0.96;120101;23;0.060;211760;3.000
454;makaron;33.12;2018-11-10;szt;MAKARON EKO-MAK KRAJANKA Z JAJ PRZEPIÓR.250 g;5904072001130;10.81;121003;5;0.250;211797;9.000
455;Likiery i inne alkohole;44.71;2018-11-10;szt;LIKIER SHERIDANS 15,5% 500ml;5011013500703;8.22;010403;23;0.500;211964;1.000
456;Dania mrożone;3.80;2018-11-10;szt;ZUPA KALAFIOROWA POLSKI OGRÓD 450g;5900477000945;-0.81;050201;5;0.450;212054;1.000
457;mąka;20.59;2018-11-10;szt;MĄKA TORTOWA 1kg EXTRA BASIA;5902020163213;0.39;121004;5;1.000;212125;10.000
458;Przekąski;1.75;2018-11-10;szt;SŁONECZNIK ANDREX PRAŻONY Z PRZYPR.120g;5903975000165;0.51;120101;8;0.120;212158;1.000
459;Środki do czyszczenia;7.28;2018-11-10;szt;ŚCIERECZKI GOSPOD.PRESTO DO MEBLI x72;5900095011484;2.45;020501;23;72.000;212175;1.000
460;Herbaty czarne;3.86;2018-11-10;szt;HERBATA EXP.LIPTON EARL GREY X25.;8722700045861;0.97;120601;23;25.000;212180;1.000
461;Jogurty ;3.13;2018-11-10;szt;JOGURT DANONE ACTIVIA DO PICIA JAGODA BORÓWKA 300g;5900643025178;0.62;060802;5;0.300;212199;1.000
462;Mleko świeże;2.47;2018-11-10;szt;MLEKO ŁACIATE 2% 1l PET;5900820012212;0.37;060803;5;1.000;212241;1.000
463;Mleko świeże;10.25;2018-11-10;szt;MLEKO ŁACIATE 3,2% 1l PET;5900820012229;1.90;060803;5;1.000;212244;4.000
464;Jogurty ;2.37;2018-11-10;szt;NAPÓJ JOGURTOWY JOVI DUET TRUSK.KIWI 350 g;5903767000687;0.71;060802;5;0.350;212323;1.000
465;Marynaty i sałatki rybne pakowane;12.37;2018-11-10;szt;FILETY ŚLEDZIOWE Z OLEJEM WIEJSKIM 550g;5902353020566;3.33;060604;5;0.335;212656;1.000
466;makaron;4.46;2018-11-10;szt;MAKARON MIĘDZYBRODZKI NITKA CIENKA 250g;5902149000031;0.26;121003;5;0.250;212680;2.000
467;Soki, nektary, inne napoje niegazowane;1.99;2018-11-10;szt;SOK KUBUŚ GO BANAN MARCHEW JABŁKO 300ml;5901067400244;0.49;070305;5;0.300;212761;1.000
468;Znicze;5.00;2018-11-10;szt;WKŁAD P-110 110G/40H ZNICZPLAST;5905133710619;1.76;110206;23;1.000;212871;3.000
469;Piwo w puszce;15.54;2018-11-10;szt;PIWO KASZTELAN N/PAST.4x500ml PUSZ;5903082245565;0.22;010302;23;2.000;213276;2.000
470;Warzywa konserwowe;1.56;2018-11-10;szt;GROSZEK KONS.SŁONECZNY OGRÓD 400 g;5908235947570;0.31;120711;8;0.240;213298;1.000
471;Napoje typu cola;21.08;2018-11-10;szt;NAPÓJ COCA COLA 1,5l PET;5449000000439;2.60;070302;23;1.500;213305;7.000
472;Napoje gazowane inne;6.49;2018-11-10;szt;NAPÓJ FANTA ORANGE 1,5l;5449000052926;0.71;070301;23;1.500;213306;2.000
473;Napoje gazowane inne;2.84;2018-11-10;szt;NAPÓJ SPRITE 1,5l;5449000012203;0.20;070301;23;1.500;213307;1.000
474;Napoje typu cola;5.67;2018-11-10;szt;NAPÓJ COCA COLA ZERO 1,5l PET;5449000133335;0.39;070302;23;1.500;213311;2.000
475;Warzywa konserwowe;2.03;2018-11-10;szt;FASOLA CZERWONA SŁONECZNY OGRÓD 400 g;5908235947594;0.44;120711;8;0.220;213343;1.000
476;Dania mączne pakowane;11.14;2018-11-10;szt;PIEROGI Z MIĘSEM VIRTU 400g;5906295832881;3.18;060601;5;0.400;213496;2.000
477;Przyprawy;1.38;2018-11-10;szt;PRZYPRAWA PRYMAT DO WIEPRZOWINY 20g;5901135015172;0.56;120708;8;0.020;213861;1.000
478;Ciastka;5.57;2018-11-10;szt;WAFLE SKAWA ORZECHOWE 500g;5902978060497;1.29;121104;23;0.500;213875;1.000
479;Sosy w proszku;0.82;2018-11-10;szt;SOS PRYMAT SAŁATKOWY GRECKI 9g;5901135017046;0.20;120710;8;0.009;213894;1.000
480;makaron;5.70;2018-11-10;szt;MAKARON CZANIECKI RYŻ 250g;5901841000097;1.32;121003;5;0.250;213936;2.000
481;Margaryna stołowa;3.10;2018-11-10;szt;MARGARYNA SMAKOWITA Z MASŁEM 450 g;5900311003996;0.35;060302;5;0.450;213995;1.000
482;Soki, nektary, inne napoje niegazowane;2.24;2018-11-10;szt;NAPÓJ TYMBARK MALINA-MIĘTA ASEPTIC 500ml;5900334000750;0.55;070305;5;0.500;214302;1.000
483;Woda;3.16;2018-11-10;szt;NAPÓJ ŻYWIEC ZDRÓJ MALINA N/GAZ.1,5l;5900541001212;1.29;070101;23;1.500;214458;1.000
484;Przekąski;7.13;2018-11-10;szt;CHIPSY MONSTER MUNCH 50g;5905187001190;2.01;120101;8;0.050;214569;2.000
485;Ciastka;1.50;2018-11-10;szt;WAFLE MEGA GRZEŚKI TOFFI W CZEK.ML.48g;5900394006518;0.37;121104;23;0.048;214601;1.000
486;Piwo w butelce;15.90;2018-11-10;szt;PIWO DESPERADOS RED 400ml BUT.BZW.;5901559952503;5.02;010301;23;0.400;214985;4.000
487;ocet;2.02;2018-11-10;szt;OCET KULINARNY SPIRYTUSOWY 10% 1L;5901605001865;0.73;120705;23;1.000;215043;1.000
488;Piwo w butelce;3.65;2018-11-10;szt;NAPÓJ PIWNY SOMERSBY ELDERFLOWER LIME 400ml  BUT.BZW.;5900014002654;1.04;010301;23;0.400;215052;1.000
489;Jogurty ;2.37;2018-11-10;szt;NAPÓJ JOGURTOWY JOVI DUET JABŁ.GRUSZ.350g;5903767007471;0.71;060802;5;0.350;215062;1.000
490;Jogurty ;2.37;2018-11-10;szt;NAPÓJ JOGURTOWY JOVI DUET BANAN-TRUSK.350 g;5903767007488;0.71;060802;5;0.350;215063;1.000
491;Bombonierki;11.37;2018-11-10;szt;BOMBONIERKA TOFFIFEE STORCK 250g;4014400905359;-0.96;121102;23;0.250;215322;1.000
492;Płatki śniadaniowe;10.14;2018-11-10;szt;PŁATKI CORN FLAKES PACIFIC 600 g;5900020019592;2.55;120303;5;0.600;215546;1.000
493;Napoje typu Izotoniki, energetyki;2.51;2018-11-10;szt;NAPÓJ BLACK ENERG.SEXENERGY 250ml;5900552041429;1.14;070304;23;0.250;215574;1.000
494;Konserwy mięsne;6.75;2018-11-10;szt;MIĘSIWO W SOSIE WŁASNYM SPICHLERZ RUSIECKI 300g;5907501013339;1.67;120703;5;0.300;215867;1.000
495;Dania mrożone;4.75;2018-11-10;szt;PYZY Z MIĘSEM JAWO 450 g;5902885000289;-0.81;050201;5;0.450;215972;1.000
496;Dania mrożone;9.81;2018-11-10;szt;KLUSKI ŚLĄSKIE IGLOTEX 450g;5902162270824;3.25;050201;5;0.450;216324;2.000
497;Piwo w butelce;12.80;2018-11-10;szt;PIWO NAMYSŁÓW PILS 500ml BUT.BZW.;5903870005241;2.95;010301;23;0.500;216369;5.000
498;Twarogi pakowane;6.82;2018-11-10;szt;SEREK WIEJSKI NATUR.MLECZNA ZAGRODA 200g;5908235948485;1.22;060204;5;0.200;216387;4.000
499;Twarogi pakowane;2.75;2018-11-10;szt;SEREK ŁACIATY ŚMIETAN.NATUR.MLEKPOL 135g;5900820011468;0.80;060204;5;0.135;216511;1.000
500;Piwo w butelce;3.62;2018-11-10;szt;PIWO REDD'S ŻURAWINA 400ml BUT.BZW.;5901359024035;0.73;010301;23;0.400;216531;1.000
501;Wódka;11.79;2018-11-10;szt;NAPÓJ SPIRYT.ŻOŁĄDKOWA GORZKA 36% 100ml;5902573005350;2.83;010405;23;0.100;216576;2.000
502;Wódka;10.77;2018-11-10;szt;NAPÓJ SPIRYT.ŻOŁĄDKOWA GORZKA 36% 200ml;5902573005367;2.65;010405;23;0.200;216577;1.000
503;Chałwa i sezamki;1.99;2018-11-10;szt;CHAŁWA SEZAMOWA O SMAKU WANILIOWYM ODRA 65g;5900278005415;0.48;121103;23;0.065;216844;1.000
504;Chałwa i sezamki;3.98;2018-11-10;szt;CHAŁWA MLECZNO-SEZAMOWA ODRA 65 g;5900278005552;0.96;121103;23;0.065;216845;2.000
505;Woda;1.67;2018-11-10;szt;WODA ŻYWIEC ZDRÓJ AVENGERS N/G 500ml;5900541004145;0.48;070101;23;0.500;216877;1.000
506;Jogurty ;6.14;2018-11-10;szt;JOGURT ZOTT JOGOBELLA PANNA COTTA 150g;4014500510538;1.08;060802;5;0.150;216959;5.000
507;Artykuły przemysłowe inne;4.86;2018-11-10;szt;DENATURAT 500ML FIOLETOWY;5907683520168;1.14;110202;23;0.500;217026;2.000
508;Sosy mokre;5.88;2018-11-10;szt;SOS HEINZ BARBECUE 220ML;5900783008567;1.77;120709;8;0.220;217175;1.000
509;Gumy do żucia;3.29;2018-11-10;szt;GUMA ORBIT LEMON LIME 25 DRAŻETEK 35 g;4009900478984;0.76;121107;8;0.035;217250;1.000
510;Przekąski;2.12;2018-11-10;szt;ORZESZKI W SKORUPCE OK PAPRYKA 100g;5908235949116;0.53;120101;8;0.100;217275;1.000
511;Margaryna stołowa;3.13;2018-11-10;szt;MARGARYNA DELMA EX.WIEJSKI CHLEBEK 450g;8712100384226;0.73;060302;5;0.450;217316;1.000
512;Jogurty ;3.13;2018-11-10;szt;JOGURT DANONE ACTIVIA DO PICIA MALINA GRANAT 300g;5900643029831;0.93;060802;5;0.300;217395;1.000
513;Napoje typu Izotoniki, energetyki;1.86;2018-11-10;szt;NAPÓJ ROCKSTAR ORIGINAL 250ml PUSZKA;5900497020879;0.74;070304;23;0.250;217507;1.000
514;Mydła;4.51;2018-11-10;szt;MYDŁO ARKO SKIN CARE BAWEŁNA 90g;8690506462307;1.72;020205;23;0.090;217513;3.000
515;Cukierki pakowane;2.43;2018-11-10;szt;CUKIERKI KARMELKI OWOCOWE JUMI 250g;5908235949697;0.44;121105;23;0.250;217519;1.000
516;Przekąski;5.05;2018-11-10;szt;CHIPSY LAY'S MAX SER-ZIEL.CEBULKA 140 g;5900259057525;1.76;120101;8;0.140;217529;1.000
517;Napoje gazowane inne;5.44;2018-11-10;szt;NAPÓJ SPRITE 2,25l PET;5449000034137;1.52;070301;23;2.250;217563;1.000
518;Napoje gazowane inne;5.44;2018-11-10;szt;NAPÓJ FANTA ORANGE 2,25l PET;5449000034113;1.45;070301;23;2.250;217564;1.000
519;Napoje typu cola;10.88;2018-11-10;szt;NAPÓJ COCA COLA 2,25l PET;5449000025173;2.90;070302;23;2.250;217566;2.000
520;Sosy w proszku;5.46;2018-11-10;szt;FIX KNORR ARRABIATA 49g (4P);8712100404917;1.36;120710;8;0.049;217583;2.000
521;Ciastka;6.46;2018-11-10;szt;CIASTKA GERARD PRYNCYPAŁKI WHITE KOKOS 235g;5907471441026;2.85;121104;23;0.235;217630;1.000
522;Twarogi pakowane;7.77;2018-11-10;szt;SEREK ŁACIATY ŚMIETANKOWY CZOSNEK 135g;5900820011499;1.92;060204;5;0.135;217657;3.000
523;makaron;2.33;2018-11-10;szt;MAKARON POLMAK 4-JAJECZNY ŚWIDEREK 250 g;5908310960760;0.64;121003;5;0.250;217694;1.000
524;Konserwy mięsne;0.01;2018-11-10;szt;ŁOPATKA LUKSUSOWA KUCHNIA STAROPOLSKA 280 g;5903895630008;-5.07;120703;5;0.280;217882;1.000
525;Zupy;3.79;2018-11-10;szt;ZUPA AMINO NUDLE GULASZOWA 59 g;8711200336142;1.64;120712;5;0.059;217966;2.000
526;Wędliny pakowane;5.13;2018-11-10;szt;PARÓWKI JEDYNKI CLASSIC INDYKPOL 200g;59042365;1.08;060605;5;0.200;218165;1.000
527;Dania mrożone;9.57;2018-11-10;szt;PIZZA DR.OETKER GUSEPPE Z SZYNKĄ I SOS.CZOSNKOWYM 440 g;5900437005218;3.05;050201;5;0.440;218166;1.000
528;Wina spokojne;12.19;2018-11-10;szt;WINO APOLLO IMIGLYKOS RED 750ml;5908235955049;2.71;010107;23;0.750;218244;1.000
529;Margaryna kulinarna;3.80;2018-11-10;szt;MARGARYNA KASIA MAŚLANA 250g;8711200536894;2.19;060301;5;0.250;218270;1.000
530;Zupy;1.99;2018-11-10;szt;ZUPA AMINO NUDLE GROCHOWA INSTANT 65g;8712100379291;0.82;120712;5;0.065;218351;1.000
531;Sery topione pakowane;3.61;2018-11-10;szt;SER TOPIONY SZYNKA 130g HOCHLAND PLASTRY;5902899137452;0.86;060202;5;0.146;218451;1.000
532;Ciastka;3.24;2018-11-10;szt;CIASTKA HIT Z KREMEM O SMAKU CZEK.220 g;5901414203467;0.40;121104;23;0.220;218463;1.000
533;Sery topione pakowane;3.95;2018-11-10;szt;SER TOPIONY GOUDA FIT 130g HOCHLAND PLASTRY;5902899137636;1.32;060202;5;0.146;218498;1.000
534;Gumy do żucia;4.86;2018-11-10;szt;GUMA ORBIT PEPPERMINT XXL 42SZT TOREBKA;4009900484732;1.20;121107;8;0.058;218647;1.000
535;Gumy do żucia;4.77;2018-11-10;szt;GUMA ORBIT SPEARMINT XXL 42SZT TOREBKA;4009900484695;1.11;121107;8;0.055;218658;1.000
536;Jaja;3.23;2018-11-10;szt;JAJA KLATKOWE MW KL.M 10 SZT;5908235955469;0.24;060101;5;10.000;218668;1.000
537;Akcesoria gospodarstwa domowego;4.11;2018-11-10;szt;PAPIER DO PIECZENIA KARTONIK /BOX /380MM;5904771001363;1.25;110201;23;1.000;219039;1.000
538;Sosy w proszku;5.54;2018-11-10;szt;FIX KNORR DO SPAGHETTI BOLOGNESE 44g;8712100460340;1.42;120710;8;0.044;219162;2.000
539;Soki, nektary, inne napoje niegazowane;2.85;2018-11-10;szt;SOK BAHAMA JABŁKO 1l KAR;5908235955384;0.42;070305;5;1.000;219187;1.000
540;Masło;4.75;2018-11-10;szt;MASŁO EXTRA MLECZNA ZAGRODA 200g;5908235955780;0.00;060303;5;0.200;219351;1.000
541;Soki, nektary, inne napoje niegazowane;5.40;2018-11-10;szt;SOK KUBUŚ GO MAR-BRZOS-JABŁ.300ml;5901067400268;1.29;070305;5;0.300;219358;3.000
542;Pieczywo  - Pieczywo tostowe;2.28;2018-11-10;szt;CHLEB TOSTOWY PLONY ZBÓŻ PSZENNY 500 g;5908235955087;0.51;100201;5;0.500;219412;1.000
543;Napoje typu cola;33.12;2018-11-10;szt;NAPÓJ PEPSI COLA 2,25l;5900497112383;8.04;070302;23;2.250;219757;6.000
544;Napoje gazowane inne;12.32;2018-11-10;szt;NAPÓJ MIRINDA ORANGE 2,25l;5900497023450;2.99;070301;23;2.250;219759;3.000
545;Produkty z pomidorów;4.14;2018-11-10;szt;KONCENTRAT POMID.30% SŁONECZNY OGRÓD 190 g;5908235956299;0.99;120707;8;0.190;219795;3.000
546;Soki, nektary, inne napoje niegazowane;8.36;2018-11-10;szt;SOK HORTEX JABŁKO 100% 1l PET;5900500031397;2.04;070305;5;1.000;219877;2.000
547;Woda;1.13;2018-11-10;szt;NAPÓJ AQUA PLUS ŻURAWINA-ACAI GAZ 1,5l;5908235956268;0.34;070101;23;1.500;220053;1.000
548;Soki, nektary, inne napoje niegazowane;9.40;2018-11-10;szt;NAPÓJ TYMBARK JABŁKO-GRUSZKA ASEPTIC 2l PET;5900334001566;1.48;070305;5;2.000;220123;3.000
549;Wina spokojne;13.00;2018-11-10;szt;WINO VALBUT.SANG.RUBICONE CZ.PÓŁ WYT.750ml;8003625081470;2.88;010107;23;0.750;220211;1.000
550;Akcesoria gospodarstwa domowego;1.21;2018-11-10;szt;SŁOMKI DO NAPOJÓW AMIGO 40 SZT;5904771002148;0.36;110201;23;40.000;220683;1.000
551;Piwo w butelce;5.84;2018-11-10;szt;PIWO KARMI ŻURAWINA 400ml BUT.BZW.;5900014002562;1.32;010301;23;0.400;220685;2.000
552;Cukierki pakowane;2.27;2018-11-10;szt;ŻELKI NIMM2 ŚMIEJŻELKI MLEKOSMYKI 90g;4014400919288;0.25;121105;23;0.090;220766;1.000
553;Wódka;24.37;2018-11-10;szt;NAPÓJ SPIRYT. LUBELSKA CYTRYNÓWKA 30% 200ml;5902573006098;4.57;010405;23;0.200;220850;3.000
554;Wódka;4.06;2018-11-10;szt;NAPÓJ SPIRYT. LUBELSKA CYTRYNÓWKA 30% 100ml;5902573006081;0.57;010405;23;0.100;220851;1.000
555;Wódka;4.06;2018-11-10;szt;NAPÓJ SPIRYT. LUBELSKA GREJPFRUTOWA 30% 100ml;5902573006135;0.57;010405;23;0.100;220863;1.000
556;Wódka;71.51;2018-11-10;szt;NAPÓJ SPIRYT. LUBELSKA CYTRYNÓWKA 30% 500ml;5902573006111;13.15;010405;23;0.500;220871;4.000
557;Wódka;16.24;2018-11-10;szt;NAPÓJ SPIRYT. LUBELSKA WIŚNIÓWKA 30% 200ml;5902573006180;3.08;010405;23;0.200;220891;2.000
558;Wódka;8.11;2018-11-10;szt;NAPÓJ SPIRYT. LUBELSKA ŻURAWINÓWKA 30% 100ml;5902573006210;1.53;010405;23;0.100;220898;2.000
559;Desery, serki, kefiry;5.51;2018-11-10;szt;SEREK HOMOG.DANIO WANILIOWY 4x140g;5900643031858;0.99;060801;5;0.560;221029;1.000
560;Desery, serki, kefiry;1.61;2018-11-10;szt;SEREK HOMOG.DANIO WANILIOWY 140g;59052227;0.09;060801;5;0.140;221030;1.000
561;Jogurty ;2.95;2018-11-10;szt;JOGURT DANONE GRATKA DRINK TRUSKAWKA 170g;5900643031971;0.73;060802;5;0.170;221051;2.000
562;Owoce i warzywa mrożone;5.57;2018-11-10;szt;BRUKSELKA IGLOTEX 450g;5902162342613;1.46;050205;5;0.450;221079;1.000
563;Dania mrożone;4.81;2018-11-10;szt;ZUPA BARSZCZ UKRAIŃSKI IGLOTEX 450g;5902162349919;1.83;050201;5;0.450;221081;1.000
564;Sery żółte pakowane;3.42;2018-11-10;szt;SER PIK NIK KIDS 84g;4770299391610;0.37;060203;5;0.080;221183;1.000
565;Ciastka;1.34;2018-11-10;szt;WAFEL PRINCE POLO ORZECHOWE 50g;7622210310002;0.49;121104;23;0.050;221328;1.000
566;Śmietany;8.15;2018-11-10;szt;ŚMIETANA MLECZNA ZAGRODA 18% 330g;5908235947648;0.47;060805;5;0.330;221502;4.000
567;czekolady;9.75;2018-11-10;szt;CZEKOLADA MILKA OREO 300g;7622210240200;1.46;121106;23;0.300;221519;1.000
568;Karma dla psów;16.44;2018-11-10;szt;KARMA CHAPPI DLA PSA Z DROBIEM 2,7kg;5900951252778;4.45;130103;8;2.700;221532;1.000
569;Przekąski;3.00;2018-11-10;szt;PALUSZKI BESKIDZKIE DELIKATESOWE 250g;5907029004925;0.84;120101;23;0.250;221537;1.000
570;Sosy mokre;4.95;2018-11-10;szt;KETCHUP TORTEX PIKANTNY 470g;8712100601255;1.20;120709;8;0.470;221566;1.000
571;czekolady;2.76;2018-11-10;szt;CZEKOLADA ALPEN GOLD MLECZNA 90g;7622210307736;0.65;121106;23;0.090;221588;1.000
572;Karma dla psów;4.99;2018-11-10;szt;CIASTKA DLA PSA CASTI 200g;5902596367824;1.29;130103;8;0.200;221890;1.000
573;Przekąski;6.65;2018-11-10;szt;CHRUPKI CHEETOS KETCHUP 165g;5900259067982;1.09;120101;5;0.165;222127;2.000
574;Bombonierki;6.50;2018-11-10;szt;PIANKA AMELIA O SMAKU WANILIOWYM W CZEKOLADZIE 380g;5909000772243;1.43;121102;23;0.380;222239;1.000
575;Jogurty ;2.66;2018-11-10;szt;JOGURT DANONE ALE PITNY TRUSKAWKA POZIOMKA 290g;5900643032701;0.76;060802;5;0.290;222559;1.000
576;Soki, nektary, inne napoje niegazowane;5.13;2018-11-10;szt;NEKTAR TYMBARK CZARNA PORZECZKA 1l PET;5900334009371;1.22;070305;5;1.000;222633;1.000
577;Papier toaletowy;19.50;2018-11-10;szt;PAPIER TOALETOWY IVENTO A24;5903111065003;2.16;020803;23;24.000;222634;2.000
578;Soki, nektary, inne napoje niegazowane;1.99;2018-11-10;szt;SOK KUBUŚ 100% MULTIWITAMINA 300ml PET;5901067401555;0.62;070305;5;0.300;222695;1.000
579;Mleko świeże;15.00;2018-11-10;szt;MLEKO ŚWIEŻE MLECZNA ZAGRODA 3,2% 1l PET;5908235956367;1.63;060803;5;1.000;222738;7.000
580;Woda;7.27;2018-11-10;szt;WODA ŻYWIEC ZDRÓJ LEKKO GAZ. 6X1,5l;5900541000505;0.01;070101;23;9.000;222876;1.000
581;Margaryna stołowa;17.48;2018-11-10;szt;MARGARYNA DELMA EXTRA 450g;8711200535422;2.12;060302;5;0.450;223025;6.000
582;Jogurty ;2.84;2018-11-10;szt;JOGURT BAKOMA NATURALNY 150 g;5900197000034;-1.32;060802;5;0.150;223144;2.000
583;Jogurty ;4.16;2018-11-10;szt;JOGURT BAKOMA GRECKI NATURALNY 400g;5900197012723;0.85;060802;5;0.400;223225;1.000
584;Prasa;1.84;2018-11-10;szt;SUPER EXPRES 1 3;9770867872065;0.43;030201;8;1.000;223261;1.000
585;Prasa;6.11;2018-11-10;szt;FAKT;9771731711060;1.43;030201;8;1.000;223266;3.000
586;Telefonia;8.13;2018-11-10;szt;DOŁADOWANIE PLUS 5;5908310583020;0.43;030501;23;1.000;223281;2.000
587;Telefonia;16.26;2018-11-10;szt;DOŁADOWANIE PLUS 10;5908310583044;0.90;030501;23;1.000;223282;2.000
588;Telefonia;40.65;2018-11-10;szt;DOŁADOWANIE PLUS 50;5908310583082;2.24;030501;23;1.000;223288;1.000
589;Telefonia;8.13;2018-11-10;szt;DOŁADOWANIA ORANGE 10;5907441060974;0.45;030501;23;1.000;223296;1.000
590;Wędliny pakowane;17.57;2018-11-10;szt;KABANOS EXCLUSIVE DROBIOWY TARCZYŃSKI 120 g;5908230510328;3.77;060605;5;0.120;223449;3.000
591;Papierosy;87.73;2018-11-10;szt;PAPIEROSY P&S RED 100;4030600049303;5.74;030103;23;1.000;223462;9.000
592;Akcesoria do papierosów;0.24;2018-11-10;szt;ZAPAŁKI CZECHOWICE (D) A10;5908280900025;0.08;030101;23;1.000;223648;2.000
593;Artykuły przemysłowe inne;3.13;2018-11-10;szt;REKLAMÓWKA Z UCHEM CENTRUM DEGR./N.LOGO;5907228003477;0.96;110202;23;1.000;223811;7.000
594;Cukier;3.69;2018-11-10;szt;CUKIER BIAŁY 1KG;5906340630011;0.21;121001;8;1.000;223925;2.000
595;Wódka;31.86;2018-11-10;szt;WÓDKA WYBOROWA 40 % 700ml;5900191013924;6.87;010405;23;0.700;225437;1.000
596;Przyprawy;1.21;2018-11-10;szt;CENOS SÓL STOŁOWA 1KG;5900977004047;0.25;120708;23;1.000;225509;1.000
597;Piwo w puszce;3.08;2018-11-10;szt;PIWO WARKA RADLER CZARNA PORZECZKA 500ml PUSZ;5902746642054;0.73;010302;23;0.500;225839;1.000
598;Wędzonki waga;40.87;2018-11-10;kg;SZYNKA KONSERWOWA WIEPRZOWA LUZ;2900892000000;9.93;040408;5;1.000;226037;1.980
599;Kiełbasy cienkie waga;20.96;2018-11-10;kg;KIEŁBASA SWOJSKA DOBROWOLSCY kg;2900567000000;6.18;040403;5;1.000;226088;0.734
600;Mielonki, bloki waga;18.77;2018-11-10;kg;POLĘDWICÓWKA KRÓLEWSKA DOBROWOLSCY kg;2900713000000;2.06;040405;5;1.000;226113;1.240
601;Przekąski;5.45;2018-11-10;szt;CHIPSY STAR CHIPS SER I CEBULKA 250g;5900259073266;1.53;120101;8;0.250;226122;1.000
602;Przekąski;9.42;2018-11-10;szt;CHIPSY STAR CHIPS ŚMIETANA CEBULKA 130g;5900259073143;2.82;120101;8;0.130;226127;3.000
603;Przekąski;3.05;2018-11-10;szt;CHIPSY STAR CHIPS PAPRYKA 130g;5900259073112;0.85;120101;8;0.130;226129;1.000
604;Wędzonki waga;72.48;2018-11-10;kg;SZYNKA HRABINY DOBROWOLSCY kg;2900849000000;1.43;040408;5;1.000;226134;3.684
605;Desery, serki, kefiry;2.24;2018-11-10;szt;DANONKI SASZETKA WANILIA 70g;59055846;0.57;060801;5;0.070;226429;1.000
606;Desery, serki, kefiry;2.24;2018-11-10;szt;DANONKI SASZETKA TRUSK.DANONE 70g;59055853;0.84;060801;5;0.070;226430;1.000
607;Wędliny pakowane;3.80;2018-11-10;szt;PARÓWKI BERLINKI Z KURCZĄT 250g;5901664003749;0.44;060605;5;0.250;226474;1.000
608;Desery, serki, kefiry;3.32;2018-11-10;szt;DESER MONTE CHOCO FLAKES/WAFFLE STI 125g;4014500511269;0.98;060801;8;0.125;226475;1.000
609;Kurczak Waga [z];76.47;2018-11-10;kg;FILET Z PIERSI KURCZAKA PODWÓJNY kg;2100076010991;-16.48;040105;5;1.000;226655;7.348
610;Kiełbasy cienkie waga;10.52;2018-11-10;kg;KIEŁBASA WIEJSKA PREMIUM KABANOS kg;2900631000000;3.09;040403;5;1.000;226690;0.354
611;Soki, nektary, inne napoje niegazowane;4.02;2018-11-10;szt;NAPÓJ Z ALOESU PURE PLUS 500ml;8809125063011;0.98;070305;23;0.500;226887;1.000
612;Mydła;1.59;2018-11-10;szt;MYDŁO W KOSTCE LUKSJA CREAMY ROSE 90g;5900998006297;0.42;020205;23;0.090;226907;1.000
613;Sosy mokre;11.28;2018-11-10;szt;MAJONEZ WINIARY DEKORACYJNY 300ML;7613035303881;2.74;120709;8;0.300;227056;2.000
614;Wędliny pakowane;5.29;2018-11-10;szt;SZYNKA EKSPORTOWA PL.KRAKUS 120g;5900567015613;1.50;060605;5;0.120;227842;1.000
615;makaron;7.48;2018-11-10;szt;MAKARON LEON KUCHARZ CEGIEŁKA 250g;5904072000935;1.33;121003;5;0.250;227873;5.000
616;Zupy;1.99;2018-11-10;szt;ZUPA AMINO NUDLE FASOLOWA 63g;8712100679216;0.82;120712;5;0.063;228016;1.000
617;Przekąski;9.24;2018-11-10;szt;CHIPSY LAY'S ZIELONA CEBULKA 140 g;5900259076793;2.04;120101;8;0.140;228905;2.000
618;Przekąski;10.09;2018-11-10;szt;CHIPSY LAY'S KARBOWANE ZIEL.CEBULKA 140 g;5900259076717;2.87;120101;8;0.140;228907;2.000
619;Przekąski;9.24;2018-11-10;szt;CHIPSY LAY'S PAPRYKA 140 g;5900259076816;2.04;120101;8;0.140;228909;2.000
620;Przekąski;4.62;2018-11-10;szt;CHIPSY LAY'S FROMAGE 140 g;5900259076779;0.97;120101;8;0.140;228910;1.000
621;Przekąski;1.23;2018-11-10;szt;PAŁECZKI KUKURYDZIANE OK 60g;5908235946313;0.47;120101;5;0.060;229123;1.000
622;Soki, nektary, inne napoje niegazowane;1.89;2018-11-10;szt;NAPÓJ NAPPI JABŁKO-MIĘTA 250ml BUT;5908235948973;0.49;070305;5;0.250;229129;2.000
623;Marynaty i sałatki rybne pakowane;5.29;2018-11-10;szt;FILETY ŚLEDZIOWE W SOSIE ŚMIETANOWYM 250g;5902353020443;1.14;060604;5;0.250;229607;1.000
624;Wędzonki waga;11.84;2018-11-10;kg;SZYNKA Z WADOWIC DOBROWOLSCY kg;2900947000000;3.89;040408;5;1.000;229625;0.302
625;Herbaty pozostałe;2.92;2018-11-10;szt;HERBATA VITAX FAMILY ŻURAWINA 24*2g;5900175432406;0.73;120602;23;24.000;230133;1.000
626;Kiełbasy cienkie waga;13.30;2018-11-10;kg;KIEŁBASA Z KIJA KAROL kg;2900564000000;4.93;040403;5;1.000;230541;0.562
627;Masło;8.56;2018-11-10;szt;MASŁO OSEŁKA MLECZNA ZAGRODA 300g;5909000773714;1.64;060303;5;0.300;230706;1.000
628;Mielonki, bloki waga;3.75;2018-11-10;kg;KURCZAK W GALARECIE DUDA kg;2900719000000;0.97;040405;5;1.000;232927;0.278
629;Środki do czyszczenia;8.28;2018-11-10;szt;SPRAY CIF UNIVERSALNY 500ML;8710908435676;2.50;020501;23;0.500;232937;1.000
630;Karma dla kotów;7.17;2018-11-10;szt;KARMA D/K.MR CAT SASZETKA MIX 4X100g;5909000774582;1.67;130102;8;0.400;233234;2.000
631;Karma dla psów;2.03;2018-11-10;szt;KARMA MR DOG D/P WOŁOWINA WARZYWA 415g;5909000775145;0.62;130103;8;0.415;233240;1.000
632;Karma dla psów;3.69;2018-11-10;szt;KARMA MR DOG D/P KURCZAK WARZYWA 1250g;5909000775169;0.60;130103;8;1.250;233242;1.000
633;Karma dla kotów;4.06;2018-11-10;szt;KARMA MR CAT D/K KURCZAK WARZYWA 415g;5909000775206;1.36;130102;8;0.415;233244;2.000
634;Karma dla kotów;14.19;2018-11-10;szt;KARMA MR CAT D/K WOŁOWINA WARZYWA 415g;5909000775213;4.56;130102;8;0.415;233245;7.000
635;Karma dla kotów;4.06;2018-11-10;szt;KARMA MR CAT D/K ŁOSOŚ PSTRĄG 415g;5909000775220;1.24;130102;8;0.415;233246;2.000
636;Soki, nektary, inne napoje niegazowane;1.32;2018-11-10;szt;NAPÓJ TYMBARK JABŁKO-KIWI N/G 250ml BUT;5900334010544;0.32;070305;5;0.250;233265;1.000
637;Soki, nektary, inne napoje niegazowane;2.37;2018-11-10;szt;NAPÓJ NAPPI POMARAŃCZA 1,5l ASEPT;5909000770591;0.62;070305;5;1.500;233337;1.000
638;Soki, nektary, inne napoje niegazowane;2.37;2018-11-10;szt;NAPÓJ NAPPI JABŁKO-WIŚNIA 1,5l ASEPT;5909000770577;0.62;070305;5;1.500;233339;1.000
639;Wędzonki waga;19.44;2018-11-10;kg;MIELONKA TYROLSKA JBB kg;2900977000000;5.09;040408;5;1.000;233506;1.150
640;Przekąski;3.86;2018-11-10;szt;CHRUPKI CHEETOS SPIRALS 145g;5900259067999;1.08;120101;5;0.145;233853;1.000
641;Warzywa konserwowe;8.52;2018-11-10;szt;SZPARAGI KONSERWOWE LE BARON 330 g;9001458022942;1.57;120711;8;0.205;234796;1.000
642;Ciastka;1.78;2018-11-10;szt;BISZKOPTY DESSIMO Z GALARETKĄ MALIN. W CZEK.135g;5909000775947;0.40;121104;23;0.135;235077;1.000
643;Ciastka;1.78;2018-11-10;szt;BISZKOPTY DESSIMO Z GALARETKĄ POM.W CZEK.135g;5909000775916;0.40;121104;23;0.135;235160;1.000
644;Wina spokojne;8.12;2018-11-10;szt;WINO SOPHIA R/PS 750ml;3800024937699;1.62;010107;23;0.750;235461;1.000
645;Warzywa okopowe [z];6.31;2018-11-10;kg;SELER KORZEŃ kg;5908235952604;1.90;090703;5;1.000;236476;1.498
646;Warzywa Pakowane;3.77;2018-11-10;szt;CZOSNEK POLSKI szt.;5908235956985;0.29;090402;5;1.000;236712;4.000
647;Sałaty pakowane;3.51;2018-11-10;szt;SAŁATA SRÓDZIEMNOMORSKA WYBRANE PRZEZ szt.;2499300000000;0.61;090601;8;0.120;457891;1.000
648;Warzywa okopowe [z];12.28;2018-11-10;kg;MARCHEW kg;5908235951584;5.42;090703;5;1.000;458653;4.012
649;Warzywa Pakowane;21.52;2018-11-10;szt;PIECZARKA TACKA 500g;2419500000000;6.52;090402;5;0.500;459972;4.000
650;Cytrusy [z];19.10;2018-11-10;kg;MANDARYNKA KLEMENTYNKA kg;5908235953205;-0.48;090502;8;1.000;701534;5.170
651;Chusteczki i ręczniki;4.06;2018-11-10;szt;RĘCZNIK PAP.MEA 2-WARSTW. 100 LIST. X2;5909000776937;1.07;020801;23;2.000;703304;1.000
652;Cukierki pakowane;2.32;2018-11-10;szt;DRAŻE M&MS CRISPY 36g;5000159304245;0.56;121105;23;0.036;703327;1.000
653;Detergenty do prania;16.33;2018-11-10;szt;KAPSUŁKI ARIEL COLOR 3IN1 14SZT;8001090348869;4.59;020601;23;14.000;703345;1.000
654;czekolady;3.24;2018-11-10;szt;CZEKOLADA TRUSKAWKOWA ŁAKOMCIA 100 g;5909000772946;0.66;121106;23;0.100;704178;2.000
655;Ciastka;3.24;2018-11-10;szt;CIASTKA OREO CRISPY&THIN 96g;7622210659156;-0.54;121104;23;0.096;704257;1.000
656;Kasza;1.32;2018-11-10;szt;KASZA MANNA SARITA 400g;5909000779266;0.33;121002;5;0.400;704552;1.000
657;Środki do czyszczenia;7.36;2018-11-10;szt;MLECZKO DO CZYSZCZ.CIF ACTIVE 693g;8710447416006;2.31;020501;23;0.693;704710;1.000
658;Warzywa kapustne [z];30.90;2018-11-10;kg;KAPUSTA PEKIŃSKA kg;5908235951362;19.56;090702;5;1.000;704728;6.832
659;Wódka;9.84;2018-11-10;szt;NAPÓJ SPIRYT. SOPLICA TRUSKAWKOWA 30% 100ml;59074670;2.08;010405;23;0.100;704825;2.000
660;Wódka;9.74;2018-11-10;szt;NAPÓJ SPIRYT. SOPLICA WIŚNIOWA 30% 100ml;59074601;2.12;010405;23;0.100;704826;2.000
661;Wódka;19.66;2018-11-10;szt;NAPÓJ SPIRYT. SOPLICA MALINOWA 30% 200ml;5900471002235;5.04;010405;23;0.200;704829;2.000
662;Wódka;16.25;2018-11-10;szt;NAPÓJ SPIRYT. SOPLICA WIŚNIOWA 30% 500ml;5900471002167;0.16;010405;23;0.500;704831;1.000
663;Wódka;19.66;2018-11-10;szt;NAPÓJ SPIRYT. SOPLICA ORZECH LASKOWY 30% 200ml;5900471002198;4.16;010405;23;0.200;704832;2.000
664;Wódka;9.83;2018-11-10;szt;NAPÓJ SPIRYT. SOPLICA PIGWOWA 30% 200ml;5900471002273;2.08;010405;23;0.200;704834;1.000
665;Wódka;9.83;2018-11-10;szt;NAPÓJ SPIRYT. SOPLICA TRUSKAWKOWA 30% 200ml;5900471002433;2.08;010405;23;0.200;704836;1.000
666;Wódka;9.83;2018-11-10;szt;NAPÓJ SPIRYT. SOPLICA CZARNA PORZEC 30% 200ml;5900471002358;2.08;010405;23;0.200;704838;1.000
667;Wódka;17.88;2018-11-10;szt;NAPÓJ SPIRYT. SOPLICA ORZECH LASKOWY 30% 500ml;5900471002204;1.79;010405;23;0.500;704841;1.000
668;Wódka;53.63;2018-11-10;szt;NAPÓJ SPIRYT. SOPLICA TRUSKAWKOWA 30% 500ml;5900471002440;5.36;010405;23;0.500;704844;3.000
669;Piwo w butelce;2.72;2018-11-10;szt;PIWO DZIKI SAD ŚLIWKA 400ml BUT.BZW.;5900699101635;0.56;010301;23;0.400;704904;1.000
670;Soki, nektary, inne napoje niegazowane;5.80;2018-11-10;szt;NAPÓJ DR WITT MULTIWITAMINA 1l PET;5901067403771;1.40;070305;5;1.000;704944;1.000
671;Soki, nektary, inne napoje niegazowane;5.80;2018-11-10;szt;SOK DR WITT POMARAŃCZA 1l PET;5901067403801;1.40;070305;5;1.000;704948;1.000
672;Przekąski;2.67;2018-11-10;szt;CHRUPKI STAR ROŻKI ŁAGODNY SER 95g;5900259083982;0.74;120101;23;0.095;705011;1.000
673;dżemy;3.79;2018-11-10;szt;DŻEM TWOJA DELICJA TRUS.100% Z OWOC.200 g;5909000516007;0.80;120301;8;0.200;705587;1.000
674;Karma dla kotów;3.31;2018-11-10;szt;KARMA D/K.MR CAT CIELĘCINA SASZETKA 100g;5909000515949;0.91;130102;8;0.100;705603;3.000
675;Karma dla kotów;2.20;2018-11-10;szt;KARMA D/K.MR CAT ŁOSOŚ SASZETKA 100g;5909000515901;0.60;130102;8;0.100;705605;2.000
676;Napoje typu cola;8.44;2018-11-10;szt;NAPÓJ PEPSI COLA PROMO 1,8l PET;5900497024778;2.06;070302;23;1.800;705858;2.000
677;Woda;0.80;2018-11-10;szt;NAPÓJ AQUA PLUS CYTRYNA N/GAZ 500ml;5909000518940;0.25;070101;23;0.500;707824;1.000
678;Woda;2.42;2018-11-10;szt;NAPÓJ AQUA PLUS TRUSKAWKA N/GAZ 1,5l;5909000518902;0.84;070101;23;1.500;707826;2.000
679;Detergenty do zmywania;8.12;2018-11-10;szt;PŁYN DO NACZYŃ FAIRY APPLE 2X900ML;8001090208071;0.89;020701;23;1.800;708020;1.000
680;Gumy do żucia;2.18;2018-11-10;szt;DRAŻE TIC TAC GUM G12.1X24X12 FRESHMINT;8000500280188;0.52;121107;8;0.049;708326;1.000
681;Twarogi pakowane;2.66;2018-11-10;szt;SER KANAPKOWY MINI ŚMIET.Z OGÓR.I KOP. HOCHLAND 4x30 g;5902899141282;0.63;060204;5;0.120;708369;1.000
682;Sezonowe świąteczne;1.91;2018-11-10;szt;BAŃKI MYDLANE FROZEN 60ML;8007315591003;0.58;110204;23;0.060;708703;1.000
683;Dania gotowe;15.81;2018-11-10;szt;DANIE KNORR GK SPAGH.BOLOG.60 g;8712423024588;3.85;120702;5;0.060;708747;4.000
684;Dania gotowe;3.95;2018-11-10;szt;DANIE KNORR GK DANIE RYŻ CURRY 73 g;8712423024618;0.96;120702;5;0.073;708749;1.000
685;Dania gotowe;3.95;2018-11-10;szt;DANIE KNORR GK SOS GRZYBOWY 59 g;8712423024595;0.96;120702;5;0.059;708750;1.000
686;Kurczak Waga [z];53.15;2018-11-10;kg;KURCZAK SIELSKI TUSZKA;2902636000000;-0.57;040105;5;1.000;709147;5.404
687;Pieczywo regionalne - Chleb biały;130.83;2018-11-10;szt;Chleb A6 Zwykły Krojony 0,55 kg (Warta) ;80023;31.83;100209;5;1.000;F01450_000001;40.000
688;Pieczywo regionalne - Chleb biały;16.43;2018-11-10;szt;Chleb (D2) Wiejski mały mąka (Warta );80026;4.38;100209;5;1.000;F01450_000003;5.000
689;Pieczywo regionalne - Chleb biały;104.06;2018-11-10;szt;Chleb Zwykły krojony 0,5kg  (Kupczyk 0053);80008;18.38;100209;5;1.000;F01450_000015;36.000
690;Pieczywo regionalne - Przekąski słodkie i słone;13.94;2018-11-10;szt;Bułka Słodka (Kupczyk) (0450);80019;2.53;100212;8;1.000;F01450_000024;7.000
691;Pieczywo regionalne - Przekąski słodkie i słone;4.35;2018-11-10;szt;Chałka Mała  (Kupczyk 0406);80016;1.75;100212;8;1.000;F01450_000028;2.000
692;Pieczywo regionalne - Przekąski słodkie i słone;12.25;2018-11-10;szt;Pączek (Kupczyk) (0500);80005;2.24;100212;8;1.000;F01450_000029;7.000
693;Pieczywo regionalne - Przekąski słodkie i słone;18.43;2018-11-10;szt;Pączek Przekładany (Kupczyk) (0502);80004;3.13;100212;8;1.000;F01450_000030;10.000
694;Akcesoria gospodarstwa domowego;3.57;2018-11-10;szt;FOLIA SPOŻYWCZA PYZA 30M;5902365096795;1.07;110201;23;1.000;F01450_000077;1.000
695;Pieczywo regionalne - Chleb ciemny;13.90;2018-11-10;szt;Chleb Owsiany 0,45kg (Kupczyk 0259);80029;2.46;100210;5;0.450;F01450_000129;4.000
696;Pieczywo mrożone - Bułki, bagietki;11.11;2018-11-10;szt;BUŁKA BERLIŃSKA 70gx105szt (Kod:010336);80033;4.07;100204;8;1.000;F01450_000140;16.000
697;Dania mrożone;2.05;2018-11-10;szt;PASZTECIK PIECZARKOWY;80034;0.50;050201;5;1.000;F01450_000141;1.000
698;Pieczywo regionalne - Chleb ciemny;10.43;2018-11-10;szt;Chleb IG (Kupczyk 0180);81000;1.85;100210;5;1.000;F01450_000144;3.000
699;Twarogi pakowane;4.54;2018-11-10;kg;Asco Twaróg luksusowy próżnia ;2902421000000;1.08;060204;5;1.000;F01450_000178;0.308
700;Pieczywo - Bułka tarta;2.43;2018-11-10;szt;Bułka H4 Tarta 0,5kg (Warta );5902020511533;0.53;100202;5;1.000;F01450_000184;1.000
701;Wędzonki waga;14.04;2018-11-10;kg;Bigosowe Ścinki-wędlina;2901997000000;-28.19;040408;5;1.000;F01450_000193;2.108
702;Sery żółte Waga;26.94;2018-11-10;kg;Demi Ser Gouda Blok1x3kg;2902023000000;6.29;040303;5;1.000;F01450_000209;1.486
703;Desery, serki, kefiry;2.27;2018-11-10;szt;BAKOMA DES.BAKUŚ KIESZ.WANILIA 80G;5900197019227;0.59;060801;8;1.000;F01450_000252;1.000
704;Desery, serki, kefiry;2.27;2018-11-10;szt;BAKOMA BAKUŚ DES.KARMEL 80G;5900197019234;0.59;060801;8;1.000;F01450_000253;1.000
705;Pieczywo regionalne - Bułki i bagietki;1.21;2018-11-10;szt;Bułka IG (Kupczyk 0327);80046;0.26;100208;23;1.000;F01450_000262;1.000
706;Pieczywo regionalne - Bułki i bagietki;1.04;2018-11-10;szt;Bułka duża (Kupczyk);80098;0.20;100208;5;1.000;F01450_000268;1.000
707;Pieczywo regionalne - Bułki i bagietki;1.89;2018-11-10;szt;Bułka Mała 0,05g (Kupczyk 0310);80048;0.33;100208;5;1.000;F01450_000271;2.000
708;Pieczywo mrożone - Bułki, bagietki;18.28;2018-11-10;szt;BUŁKA FIT ŚNIADANIOWA (Kod:000383);80055;4.48;100204;8;1.000;F01450_000310;20.000
709;Akcesoria gospodarstwa domowego;2.15;2018-11-10;szt;ŻARÓWKA 75W SOLEO;5907758827345;0.66;110201;23;1.000;F01450_000316;1.000
710;Jaja;31.19;2018-11-10;szt;JAJKA ŚWIEŻE L 18 X 10SZT;5903034971047;28.79;060101;5;1.000;F01450_000318;5.000
711;Znicze;5.73;2018-11-10;szt;WKŁAD W-6 60H FENIX;5901549057140;1.71;110206;23;1.000;F01450_000386;3.000
712;Woda;6.42;2018-11-10;szt;WOJCIESZOWIANKA 5l Woda N/G;5905453000643;1.78;070101;23;5.000;F01450_000430;2.000
713;Artykuły przemysłowe inne;5.57;2018-11-10;szt;BATERIA YOKOHAMA R20;5906874345245;1.67;110202;23;1.000;F01450_000435;1.000
714;farmacja;5.82;2018-11-10;szt;ACTIVEMUSS MULTIWITAMINA 24TAB;5902891177500;1.74;030401;8;1.000;F01450_000468;1.000
715;Akcesoria gospodarstwa domowego;4.31;2018-11-10;szt;ŻARÓWKA 40W ŚWIECZKA SOLEO;5907758830246;1.33;110201;23;1.000;F01450_000476;2.000
716;Prasa;5.00;2018-11-10;szt;DOBRY TYDZIEŃ;9772391721802;1.16;030201;8;1.000;F01450_000540;3.000
717;Prasa;2.77;2018-11-10;szt;SZYFRO KRZYŻÓWKI NR 3;9771641170810;0.65;030201;8;1.000;F01450_000563;1.000
718;Prasa;1.84;2018-11-10;szt;PRZYJACIÓŁKA NR 1;9770033253803;0.43;030201;8;1.000;F01450_000573;1.000
719;Prasa;1.47;2018-11-10;szt;100 RAD NR 2;9772543602805;0.35;030201;8;1.000;F01450_000579;1.000
720;Akcesoria gospodarstwa domowego;3.13;2018-11-10;szt;GĄBKA ANTYCELLULIT RAVI;5906900008113;0.94;110201;23;1.000;F01450_000584;1.000
721;Prasa;1.48;2018-11-10;szt;NA ŻYWO NR3;9771234249800;0.35;030201;8;1.000;F01450_000600;1.000
722;Pieczywo mrożone - Bułki, bagietki;24.05;2018-11-10;szt;Kajzerka Galicyjska Premium 65gx120szt (kod:001242);80082;12.39;100204;8;1.000;F01450_000601;53.000
723;Przyprawy;1.44;2018-11-10;szt;Rodzynki 100g ROLWIT;5903986000161;0.52;120708;8;0.100;F01450_000811;1.000
724;Odświeżacze;5.65;2018-11-10;szt;ZAPALNICZKA KOST K-09 PIEZO OKLEJKA SLIM 25S;4260354850140;1.65;020301;23;1.000;F01450_000875;5.000
725;mąka;1.95;2018-11-10;szt;MĄKA tortowa Bolesławiecka 10x1kg;5901883000017;0.40;121004;5;1.000;F01450_000902;1.000
726;Wyroby podrobowe i garmażeryjne waga;3.63;2018-11-10;kg;WĘDZONKA CZOSNKOWA WĘDLINDROBEX;2902482000000;0.95;040409;5;1.000;F01450_000906;0.248
727;Pieczywo mrożone - Bułki, bagietki;11.02;2018-11-10;szt;BUŁKA CHŁOPSKA ZIEMNIACZANA 90G/90 IN;80094;2.76;100204;8;7.200;F01450_000912;14.000
728;Pieczywo regionalne - Chleb ciemny;27.90;2018-11-10;szt;CHLEB DLA ŻYCIA KUPCZYK;80095;4.70;100210;5;1.000;F01450_000914;8.000
729;Mielonki, bloki waga;19.50;2018-11-10;kg;PORCJA ROSOŁOWA MAX-DRÓB WĘDLINDROBEX;2902496000000;4.92;040405;5;1.000;F01450_000949;7.014
730;Artykuły przemysłowe inne;2.56;2018-11-10;szt;SZCZOTECZKA DO RĄK Z UCHWYTEM 11355 RAVI;5906900113558;0.86;110202;23;35.000;F01450_000960;1.000
731;szkoła;4.96;2018-11-10;szt;TOREBKA PREZENTOWA NA BUTELKĘ 120X360X85MM;5906900103573;1.50;110205;23;1.000;F01450_000970;2.000
732;Kiełbasy cienkie waga;7.70;2018-11-10;kg;BALERON GOTOWANY KG WĘDLINDROBEX;2100077011904;-1.81;040403;5;1.000;F01450_001001;0.680
733;Lizaki;1.22;2018-11-10;szt;LIZAKI SERDUSZKA LOVE ME 100X7G;5907205001458;0.69;121108;23;0.008;F01450_001037;5.000
734;szkoła;0.45;2018-11-10;szt;GUMKI ZWIERZĄTKA 24 SZT;5906582009781;0.15;110205;23;1.000;F01450_001060;1.000
735;Kiełbasy cienkie waga;17.22;2018-11-10;kg;KONSERWA WOJSKOWA SWOJSCY WĘDLINDROBEX;2902580000000;4.47;040403;5;1.000;F01450_001074;0.962
736;Pieczywo mrożone - Ciasta;6.14;2018-11-10;szt;CIASTKO SER RODZYNKI 100G;80107;1.67;100206;5;1.000;F01450_001079;3.000
737;Cukierki pakowane;3.37;2018-11-10;szt;JAJKO NIESPODZIANKA PLAST. PSI PATROL18X10G;5026418094498;0.78;121105;23;0.080;F01450_001082;1.000
738;Wyroby podrobowe i garmażeryjne waga;10.20;2018-11-10;kg;KIEŁBASA Z WĘDZARNI JBB WĘDLINDROBEX KG;2902593000000;2.17;040409;5;1.000;F01450_001115;0.556
739;Marynaty i sałatki rybne pakowane;4.28;2018-11-10;szt;DELIKATESOWA PASTA Z ŁOSOSIA 120G DORAL;5907534801989;1.08;060604;5;1.000;F01450_001126;1.000
740;Ciastka;5.93;2018-11-10;szt;CIASTKA GERARD ALUSIE 350G;5907471431393;1.38;121104;23;0.235;F01450_001128;1.000
741;Pieczywo mrożone - Bułki, bagietki;2.93;2018-11-10;szt;BUŁKA ITALO 55G ;80111;0.73;100204;8;1.000;F01450_001132;4.000
742;Dania mięsne pakowane;3.95;2018-11-10;szt;SNACKERSY BANKIETOWE 150G JBB WĘDLINDROBEX SZT;5907701801651;1.04;060602;5;0.250;F01450_001170;1.000
743;Prasa;2.20;2018-11-10;szt;NAKL.UEFA CHAMP.LEAG;4141488600705;0.52;030201;23;0.000;F01450_001229;1.000
744;Konserwy rybne;0.01;2018-11-10;kg;SZPROTKI WĘDZONE PIWOSZKI KG;2902628000000;-13.98;120704;5;0.170;F01450_001233;0.880
745;Wyroby podrobowe i garmażeryjne waga;16.81;2018-11-10;kg;KIEŁBASA KROTOSZYŃSKA JBB WĘDLINDROBEX KG;2902632000000;4.39;040409;5;1.000;F01450_001237;0.716
746;Prasa;2.77;2018-11-10;szt;TWOJE IMPERIUM-WS;9771234691821;0.66;030201;8;0.000;F01450_001239;1.000
747;Pielęgnacja ciała i twarzy;6.14;2018-11-10;szt;BEBE POMADKA DO UST MIX 4,9G;3574660495935;1.54;020207;23;1.000;F01450_001253;1.000
748;Prasa;2.77;2018-11-10;szt;KRZ.Z UŚMIECH MUT.A;9771231539904;0.66;030201;8;0.000;F01450_001267;1.000
749;Desery, serki, kefiry;2.27;2018-11-10;szt;BAKOMA BAKUŚ DES.CZEKO-ORZECH 80G;5900197019241;0.59;060801;8;1.000;F01450_001271;1.000
750;Słodycze luz;43.67;2018-11-10;kg;CIASTKA WESELNE ADAMEK KG;2902645000000;10.07;121109;8;1.000;F01450_001273;2.284
751;Słodycze luz;4.06;2018-11-10;kg;CIASTKA MALTAŃSKIE Z PIANKĄ MARGO KG;2902646000000;0.92;121109;8;1.000;F01450_001274;0.280
752;Wyroby podrobowe i garmażeryjne waga;4.31;2018-11-10;kg;KIEŁBASA WOJCIECHA KAROL WĘDLINDROBEX KG;2902666000000;1.11;040409;5;1.000;F01450_001280;0.164
753;Cukierki pakowane;25.69;2018-11-10;szt;JOHNY BEE SOUR POTTY 24X19G;6939495512115;6.09;121105;23;0.080;F01450_001297;8.000
754;Słodycze luz;20.98;2018-11-10;kg;CIASTKA KOKOSOWA FRAJDA MAX KG;2902675000000;4.83;121109;8;1.000;F01450_001304;1.136
755;Przekąski;21.67;2018-11-10;szt;Słonecznik Solony 80g Turecki;5907641483078;7.27;120101;8;0.080;F01450_001343;12.000
756;Desery w proszku;2.80;2018-11-10;szt;Cukier Waniliowy 32g;5903986000291;1.10;120902;23;0.032;F01450_001470;5.000
757;Przyprawy;0.45;2018-11-10;szt;Soda Oczyszczona 50g Rolwit;5903986000406;0.17;120708;23;0.050;F01450_001473;1.000
758;Akcesoria gospodarstwa domowego;3.21;2018-11-10;szt;Gąbka Kąpielowa D/Masażu;5906900008021;0.96;110201;23;1.000;F01450_001624;1.000
759;Kasza;2.86;2018-11-10;szt;Kasza Jęczmie.Średnia 0,5kg Niedźwiady;5906754000080;0.80;121002;5;0.500;F01450_001741;2.000
760;Znicze;16.79;2018-11-10;szt;WKŁAD W-7 72H FENIX;5901549057157;5.17;110206;23;1.000;F01450_002187;7.000
761;Słodycze luz;14.87;2018-11-10;kg;CUK.LUZ MIESZANKA  GRUPA ŻUŁTA Wawel;2902939000000;2.21;121109;23;1.000;F01450_002939;0.744
762;Konserwy mięsne;1.61;2018-11-10;szt;Pasztet Prochowicki 160g Animex;5901081000031;0.39;120703;5;0.160;F01450_003105;1.000
763;Woda;14.07;2018-11-10;szt;WOJCIESZOWIANKA 1,5l Woda L/Gaz;5905453000339;5.16;070101;23;1.500;F01450_003142;9.000
764;Woda;3.07;2018-11-10;szt;WOJCIESZOWIANKA 1,5l W/Gaz;5905453000032;1.09;070101;23;1.500;F01450_003144;2.000
765;Woda;23.78;2018-11-10;szt;WOJCIESZOWIANKA 1,5l Woda N/G;5905453000636;8.93;070101;23;1.500;F01450_003145;15.000
766;Woda;1.87;2018-11-10;szt;WOJCIESZOWIANKA 0,33l Woda Gaz;5905453008519;0.79;070101;23;0.330;F01450_003146;2.000
767;makaron;3.03;2018-11-10;szt;Irwega Sphagetti 400g;5905211000946;0.73;121003;5;0.250;F01450_003956;2.000
768;makaron;1.90;2018-11-10;szt;Rurka Makaron 500g IRWEGA;5905211000120;0.57;121003;5;0.500;F01450_004075;1.000
769;Przekąski;14.77;2018-11-10;szt;Słonecznik Rodzinny 220g PRYMUS;5907641483092;4.92;120101;8;0.220;F01450_005663;5.000
770;Mleko UHT;2.81;2018-11-10;szt;BIAŁE Mleko UHT 3,2% 12x1l Mlekpol;5900820003104;0.58;060804;5;1.000;F01450_006101;1.000
771;Przekąski;4.26;2018-11-10;szt;Chrupki Kukur.60g Ziel.Cebul.Solo;5904918000372;1.56;120101;5;0.000;F01450_007086;3.000
772;makaron;2.00;2018-11-10;szt;Muszelka Mała Makaron 500g IRWEGA;5905211000700;0.67;121003;5;0.500;F01450_007273;1.000
773;Znicze;13.33;2018-11-10;szt;WKŁAD W-5 48H FENIX;5901549057133;4.13;110206;23;1.000;F01450_007910;8.000
